run,rho,method,NMI_scores
100,0.5,wt,0.3123127292408115
100,0.5,wt2,0.38487152560881105
100,0.5,l,0.22886849200451972
100,0.5,l2,0.5240902726670236
100,0.5,fg,0.22886849200451972
100,0.5,fg2,0.6120530134025142
100,0.5,eb,0.21412903418315407
100,0.5,eb2,0.21412903418315407
100,0.5,im,0
100,0.5,im2,0
100,0.5,lp,0
100,0.5,lp2,0
100,0.5,le,0.23608137422123673
100,0.5,le2,NA
100,0.5,sl,0.22886849200451972
100,0.5,sl2,0.22886849200451972
99,0.5,wt,0.43931438640903675
99,0.5,wt2,0.47592985002966165
99,0.5,l,0.7614877600474588
99,0.5,l2,0.7614877600474588
99,0.5,fg,0.7614877600474588
99,0.5,fg2,0.7614877600474588
99,0.5,eb,0.38970407258212175
99,0.5,eb2,0.38970407258212175
99,0.5,im,0
99,0.5,im2,0
99,0.5,lp,0
99,0.5,lp2,0
99,0.5,le,0.7614877600474588
99,0.5,le2,0.7614877600474588
99,0.5,sl,0.7614877600474588
99,0.5,sl2,0.7614877600474588
98,0.5,wt,0.36994643360147555
98,0.5,wt2,0.36994643360147555
98,0.5,l,0.6712774130954249
98,0.5,l2,0.7639523096137633
98,0.5,fg,0.7639523096137633
98,0.5,fg2,0.7639523096137633
98,0.5,eb,0.6397970772665058
98,0.5,eb2,0.6397970772665058
98,0.5,im,0
98,0.5,im2,0
98,0.5,lp,0
98,0.5,lp2,0
98,0.5,le,0.6201607100027117
98,0.5,le2,0.9323554689262084
98,0.5,sl,0.7639523096137633
98,0.5,sl2,0.7639523096137633
97,0.5,wt,0.6498678820458964
97,0.5,wt2,0.6498678820458965
97,0.5,l,0.6498678820458964
97,0.5,l2,0.8879658190308055
97,0.5,fg,0.6498678820458964
97,0.5,fg2,0.8879658190308055
97,0.5,eb,0.6262523519240868
97,0.5,eb2,0.6262523519240868
97,0.5,im,-2.8754703841912284e-16
97,0.5,im2,-2.8754703841912284e-16
97,0.5,lp,-2.8754703841912284e-16
97,0.5,lp2,-2.8754703841912284e-16
97,0.5,le,0.6722587171361981
97,0.5,le2,NA
97,0.5,sl,0.6498678820458965
97,0.5,sl2,0.6498678820458965
96,0.5,wt,0.7697043384320892
96,0.5,wt2,0.646307515931202
96,0.5,l,0.7697043384320892
96,0.5,l2,0.7697043384320892
96,0.5,fg,0.7697043384320892
96,0.5,fg2,0.7697043384320892
96,0.5,eb,0.3831784754217157
96,0.5,eb2,0.3831784754217157
96,0.5,im,0
96,0.5,im2,0
96,0.5,lp,0
96,0.5,lp2,0
96,0.5,le,0.7697043384320892
96,0.5,le2,0.7697043384320892
96,0.5,sl,0.7834604768710915
96,0.5,sl2,0.7697043384320892
95,0.5,wt,0.5266394003132817
95,0.5,wt2,0.440932250030568
95,0.5,l,0.5539294575993697
95,0.5,l2,0.6631317224912672
95,0.5,fg,0.5897536721721227
95,0.5,fg2,0.6631317224912672
95,0.5,eb,0
95,0.5,eb2,0.3181424680351673
95,0.5,im,0
95,0.5,im2,0
95,0.5,lp,0
95,0.5,lp2,0
95,0.5,le,0.5332455301908597
95,0.5,le2,0.5760077586007538
95,0.5,sl,0.5897536721721227
95,0.5,sl2,0.5897536721721227
94,0.5,wt,0.4782358210800467
94,0.5,wt2,0.4782358210800467
94,0.5,l,0.31737950426156025
94,0.5,l2,0.49170691689856943
94,0.5,fg,0.31737950426156025
94,0.5,fg2,0.49170691689856943
94,0.5,eb,0
94,0.5,eb2,0
94,0.5,im,0
94,0.5,im2,0
94,0.5,lp,0
94,0.5,lp2,0
94,0.5,le,0.49170691689856943
94,0.5,le2,0.5258229987859429
94,0.5,sl,0.31737950426156025
94,0.5,sl2,0.49170691689856943
93,0.5,wt,0.7593548325632357
93,0.5,wt2,0.5998625041434243
93,0.5,l,0.5996193655709645
93,0.5,l2,0.7217589242621951
93,0.5,fg,0.5485182424421023
93,0.5,fg2,0.7825208756012579
93,0.5,eb,0
93,0.5,eb2,0.399632611585793
93,0.5,im,0
93,0.5,im2,0
93,0.5,lp,0
93,0.5,lp2,0
93,0.5,le,0.7477045334696295
93,0.5,le2,0.7417352294394984
93,0.5,sl,0.5485182424421023
93,0.5,sl2,0.5485182424421023
92,0.5,wt,0.5035308097078166
92,0.5,wt2,0.5035308097078166
92,0.5,l,0.7689607929543368
92,0.5,l2,0.7689607929543368
92,0.5,fg,0.5035308097078166
92,0.5,fg2,0.7689607929543368
92,0.5,eb,0.42435955055469154
92,0.5,eb2,0.42435955055469154
92,0.5,im,0
92,0.5,im2,0
92,0.5,lp,0
92,0.5,lp2,0
92,0.5,le,0.7689607929543368
92,0.5,le2,0.7689607929543368
92,0.5,sl,0.7689607929543368
92,0.5,sl2,0.5035308097078166
91,0.5,wt,0.41102757912715443
91,0.5,wt2,0.5135666974106613
91,0.5,l,0.41102757912715443
91,0.5,l2,0.7522151702475105
91,0.5,fg,0.37989595048325814
91,0.5,fg2,0.5954746664908105
91,0.5,eb,0.19375233698649652
91,0.5,eb2,0.3793681423427464
91,0.5,im,0
91,0.5,im2,0
91,0.5,lp,0
91,0.5,lp2,0
91,0.5,le,0.37989595048325814
91,0.5,le2,0.7314397735465382
91,0.5,sl,0.37989595048325814
91,0.5,sl2,0.37989595048325814
90,0.5,wt,0.6410076397486955
90,0.5,wt2,0.6410076397486955
90,0.5,l,0.4718462873717063
90,0.5,l2,0.6584480795023642
90,0.5,fg,0.2914916293905317
90,0.5,fg2,0.7318617764112054
90,0.5,eb,0
90,0.5,eb2,0.4062522367523178
90,0.5,im,0
90,0.5,im2,0
90,0.5,lp,0
90,0.5,lp2,0
90,0.5,le,0.3260987568306707
90,0.5,le2,NA
90,0.5,sl,0.7481567577683772
90,0.5,sl2,0.5246286265570311
89,0.5,wt,0.6470965445177647
89,0.5,wt2,0.36190664707242115
89,0.5,l,0.6470965445177647
89,0.5,l2,0.6470965445177647
89,0.5,fg,0.6470965445177647
89,0.5,fg2,0.6470965445177647
89,0.5,eb,0
89,0.5,eb2,0.8619867807880697
89,0.5,im,0
89,0.5,im2,0
89,0.5,lp,0
89,0.5,lp2,0
89,0.5,le,0
89,0.5,le2,NA
89,0.5,sl,0.6691416349609431
89,0.5,sl2,0.6470965445177647
88,0.5,wt,0.5167720505109137
88,0.5,wt2,0.5642476818289421
88,0.5,l,0.46336314265304296
88,0.5,l2,0.46336314265304296
88,0.5,fg,0.46336314265304296
88,0.5,fg2,0.48328725681180185
88,0.5,eb,0.2141107483645964
88,0.5,eb2,0.2141107483645964
88,0.5,im,0
88,0.5,im2,0
88,0.5,lp,0
88,0.5,lp2,0
88,0.5,le,0.4365238479162506
88,0.5,le2,0.48328725681180185
88,0.5,sl,0.46336314265304296
88,0.5,sl2,0.46336314265304296
87,0.5,wt,0.4815903621857388
87,0.5,wt2,0.485651786148165
87,0.5,l,0.4815903621857388
87,0.5,l2,0.6399910246869658
87,0.5,fg,0.4815903621857388
87,0.5,fg2,0.6399910246869658
87,0.5,eb,-2.777693975355915e-16
87,0.5,eb2,0.04382231588104639
87,0.5,im,-2.777693975355915e-16
87,0.5,im2,-2.777693975355915e-16
87,0.5,lp,-2.777693975355915e-16
87,0.5,lp2,-2.777693975355915e-16
87,0.5,le,0.4815903621857388
87,0.5,le2,0.5596169187875818
87,0.5,sl,0.4815903621857388
87,0.5,sl2,0.4815903621857388
86,0.5,wt,0.30275595695347285
86,0.5,wt2,0.5916599792594617
86,0.5,l,0.24527044399455697
86,0.5,l2,0.6935763241031293
86,0.5,fg,0.579771083031478
86,0.5,fg2,0.6935763241031293
86,0.5,eb,0
86,0.5,eb2,0
86,0.5,im,0
86,0.5,im2,0
86,0.5,lp,0
86,0.5,lp2,0
86,0.5,le,0.7049417605023717
86,0.5,le2,0.7315929634504226
86,0.5,sl,0.579771083031478
86,0.5,sl2,0.46493653643802246
85,0.5,wt,0.8343962937222817
85,0.5,wt2,0.6142041142204763
85,0.5,l,0.8343962937222817
85,0.5,l2,0.8343962937222817
85,0.5,fg,0.8343962937222817
85,0.5,fg2,0.8343962937222817
85,0.5,eb,0
85,0.5,eb2,0.20418090539332479
85,0.5,im,0
85,0.5,im2,0
85,0.5,lp,0
85,0.5,lp2,0
85,0.5,le,NA
85,0.5,le2,NA
85,0.5,sl,0.8343962937222817
85,0.5,sl2,0.8343962937222817
84,0.5,wt,0.4012112973287502
84,0.5,wt2,0.4012112973287502
84,0.5,l,0.6538791973099755
84,0.5,l2,0.6051486438236885
84,0.5,fg,0.361830789008204
84,0.5,fg2,0.54133083422587
84,0.5,eb,2.960314552678175e-16
84,0.5,eb2,0.22345590524497816
84,0.5,im,2.960314552678175e-16
84,0.5,im2,2.960314552678175e-16
84,0.5,lp,2.960314552678175e-16
84,0.5,lp2,2.960314552678175e-16
84,0.5,le,2.960314552678175e-16
84,0.5,le2,0.8135297012693348
84,0.5,sl,0.6538791973099755
84,0.5,sl2,0.6538791973099755
83,0.5,wt,0.7403911564492839
83,0.5,wt2,0.7403911564492839
83,0.5,l,0.7106728832029785
83,0.5,l2,0.8256022138510803
83,0.5,fg,0.671852576064308
83,0.5,fg2,0.8256022138510803
83,0.5,eb,0.3588254552094588
83,0.5,eb2,0.3588254552094588
83,0.5,im,0
83,0.5,im2,0
83,0.5,lp,0
83,0.5,lp2,0
83,0.5,le,0.671852576064308
83,0.5,le2,NA
83,0.5,sl,0.733545212924557
83,0.5,sl2,0.671852576064308
82,0.5,wt,0.45107400710611106
82,0.5,wt2,0.45107400710611106
82,0.5,l,0.3886555526333664
82,0.5,l2,0.3886555526333664
82,0.5,fg,0.3886555526333664
82,0.5,fg2,0.7682890634532578
82,0.5,eb,0.7682890634532578
82,0.5,eb2,0.7682890634532578
82,0.5,im,-3.220348028752608e-16
82,0.5,im2,-3.220348028752608e-16
82,0.5,lp,-3.220348028752608e-16
82,0.5,lp2,-3.220348028752608e-16
82,0.5,le,0.3886555526333664
82,0.5,le2,0.7682890634532578
82,0.5,sl,0.45107400710611106
82,0.5,sl2,0.3886555526333664
81,0.5,wt,0.27945736727750936
81,0.5,wt2,0.44706420983127615
81,0.5,l,0.3298637837218179
81,0.5,l2,0.5178233683508807
81,0.5,fg,0.3298637837218179
81,0.5,fg2,0.5178233683508807
81,0.5,eb,0.26752308517854057
81,0.5,eb2,0.26752308517854057
81,0.5,im,0
81,0.5,im2,0
81,0.5,lp,0
81,0.5,lp2,0
81,0.5,le,0.3621460859725198
81,0.5,le2,0.5619719384178689
81,0.5,sl,0.3298637837218179
81,0.5,sl2,0.3621460859725198
80,0.5,wt,0.4521953719265965
80,0.5,wt2,0.3936886074554838
80,0.5,l,0.3464152958361311
80,0.5,l2,0.5983437610384437
80,0.5,fg,0.3464152958361311
80,0.5,fg2,0.5366797698764306
80,0.5,eb,0.46662862916187753
80,0.5,eb2,0.46662862916187753
80,0.5,im,0
80,0.5,im2,0
80,0.5,lp,0
80,0.5,lp2,0
80,0.5,le,0.6305654368027866
80,0.5,le2,0.7552287815732357
80,0.5,sl,0.3464152958361311
80,0.5,sl2,0.3464152958361311
79,0.5,wt,0.29941244332388894
79,0.5,wt2,0.34044884891442195
79,0.5,l,0.6107675072226515
79,0.5,l2,0.6337250069556243
79,0.5,fg,0.6107675072226515
79,0.5,fg2,0.6337250069556243
79,0.5,eb,-2.8202175856834005e-16
79,0.5,eb2,0.2714993052759016
79,0.5,im,-2.8202175856834005e-16
79,0.5,im2,-2.8202175856834005e-16
79,0.5,lp,-2.8202175856834005e-16
79,0.5,lp2,-2.8202175856834005e-16
79,0.5,le,-2.8202175856834005e-16
79,0.5,le2,0.5802884249656185
79,0.5,sl,0.6240861074767824
79,0.5,sl2,0.6240861074767824
78,0.5,wt,0.48122674146425004
78,0.5,wt2,0.6701806966454801
78,0.5,l,0.40364562874062093
78,0.5,l2,0.6070410699215716
78,0.5,fg,0.6665694010755294
78,0.5,fg2,0.6070410699215716
78,0.5,eb,0.09109106962121404
78,0.5,eb2,0.09109106962121404
78,0.5,im,2.943164011409997e-16
78,0.5,im2,2.943164011409997e-16
78,0.5,lp,2.943164011409997e-16
78,0.5,lp2,2.943164011409997e-16
78,0.5,le,0.5407479773511827
78,0.5,le2,NA
78,0.5,sl,0.6701806966454801
78,0.5,sl2,0.6665694010755294
77,0.5,wt,0.4303294134758945
77,0.5,wt2,0.7798088674023543
77,0.5,l,0.3734808310956804
77,0.5,l2,0.7798088674023543
77,0.5,fg,0.7529731785850945
77,0.5,fg2,0.7798088674023543
77,0.5,eb,-3.1311471806538712e-16
77,0.5,eb2,-3.1311471806538712e-16
77,0.5,im,-3.1311471806538712e-16
77,0.5,im2,-3.1311471806538712e-16
77,0.5,lp,-3.1311471806538712e-16
77,0.5,lp2,-3.1311471806538712e-16
77,0.5,le,0.6630887680021532
77,0.5,le2,0.7798088674023542
77,0.5,sl,0.7529731785850945
77,0.5,sl2,0.7529731785850945
76,0.5,wt,0.47493811416910514
76,0.5,wt2,0.50275099316167
76,0.5,l,0.45999329287363366
76,0.5,l2,0.6502360456865968
76,0.5,fg,0.45999329287363366
76,0.5,fg2,0.45999329287363366
76,0.5,eb,0
76,0.5,eb2,0.3929688646265179
76,0.5,im,0
76,0.5,im2,0
76,0.5,lp,0
76,0.5,lp2,0
76,0.5,le,0.45999329287363366
76,0.5,le2,0.6199216485672844
76,0.5,sl,0.45999329287363366
76,0.5,sl2,0.45999329287363366
75,0.5,wt,0.7057927112552503
75,0.5,wt2,0.32718392755102127
75,0.5,l,0.4473103043893441
75,0.5,l2,0.6739835086672896
75,0.5,fg,0.4473103043893441
75,0.5,fg2,0.6739835086672896
75,0.5,eb,0.10803029400662045
75,0.5,eb2,0.10803029400662045
75,0.5,im,0
75,0.5,im2,0
75,0.5,lp,0
75,0.5,lp2,0
75,0.5,le,0.5002893046877191
75,0.5,le2,0.6739835086672897
75,0.5,sl,0.4473103043893441
75,0.5,sl2,0.4676804632524444
74,0.5,wt,0.6868574027989589
74,0.5,wt2,0.6526435316754997
74,0.5,l,0.40064083324151545
74,0.5,l2,0.684414520375176
74,0.5,fg,0.684414520375176
74,0.5,fg2,0.684414520375176
74,0.5,eb,0.3714308701383793
74,0.5,eb2,0.3714308701383793
74,0.5,im,0
74,0.5,im2,0
74,0.5,lp,0
74,0.5,lp2,0
74,0.5,le,0.38768052823154253
74,0.5,le2,0.7095870635927235
74,0.5,sl,0.684414520375176
74,0.5,sl2,0.684414520375176
73,0.5,wt,0.6412153451134041
73,0.5,wt2,0.4769798919247083
73,0.5,l,0.6412153451134041
73,0.5,l2,0.6246122482585156
73,0.5,fg,0.463375770499928
73,0.5,fg2,0.6246122482585156
73,0.5,eb,0
73,0.5,eb2,0.01855683496189835
73,0.5,im,0
73,0.5,im2,0
73,0.5,lp,0
73,0.5,lp2,0
73,0.5,le,0.6395898850069808
73,0.5,le2,0.6449436717528368
73,0.5,sl,0.6412153451134041
73,0.5,sl2,0.6412153451134041
72,0.5,wt,0.06760773662958999
72,0.5,wt2,0.400693930989325
72,0.5,l,0.323503676968516
72,0.5,l2,0.4781558774296144
72,0.5,fg,0.21690201370971218
72,0.5,fg2,0.4781558774296144
72,0.5,eb,0
72,0.5,eb2,0
72,0.5,im,0
72,0.5,im2,0
72,0.5,lp,0
72,0.5,lp2,0
72,0.5,le,0.4478117238878057
72,0.5,le2,0.6149007775752465
72,0.5,sl,0.323503676968516
72,0.5,sl2,0.323503676968516
71,0.5,wt,0.43384155174093036
71,0.5,wt2,0.39538576520615953
71,0.5,l,0.5659682130970198
71,0.5,l2,0.5207812030601681
71,0.5,fg,0.4021107837441804
71,0.5,fg2,0.5479464584992886
71,0.5,eb,0.04472391734829199
71,0.5,eb2,0.37211515348710017
71,0.5,im,0
71,0.5,im2,0
71,0.5,lp,0
71,0.5,lp2,0
71,0.5,le,0.268490359184868
71,0.5,le2,0.46441921817587123
71,0.5,sl,0.4048462583563471
71,0.5,sl2,0.4021107837441804
70,0.5,wt,0.3414816373570931
70,0.5,wt2,0.3414816373570931
70,0.5,l,0.3414816373570931
70,0.5,l2,0.562569253239516
70,0.5,fg,0.3414816373570931
70,0.5,fg2,0.562569253239516
70,0.5,eb,0.176701647992693
70,0.5,eb2,0.3563970427876677
70,0.5,im,0
70,0.5,im2,0
70,0.5,lp,0
70,0.5,lp2,0
70,0.5,le,0.3414816373570931
70,0.5,le2,0.5896373385718696
70,0.5,sl,0.36212941040130053
70,0.5,sl2,0.3414816373570931
69,0.5,wt,0.33394175536215065
69,0.5,wt2,0.3486758838486356
69,0.5,l,0.5338511863854355
69,0.5,l2,0.6586898995784735
69,0.5,fg,0.5338511863854355
69,0.5,fg2,0.6586898995784735
69,0.5,eb,0.042838452059573595
69,0.5,eb2,0.042838452059573595
69,0.5,im,0
69,0.5,im2,0
69,0.5,lp,0
69,0.5,lp2,0
69,0.5,le,0
69,0.5,le2,0.6520723811407487
69,0.5,sl,0.5338511863854355
69,0.5,sl2,0.5338511863854355
68,0.5,wt,0.3990854969440017
68,0.5,wt2,0.3990854969440017
68,0.5,l,0.44779837146271756
68,0.5,l2,0.5289234434752432
68,0.5,fg,0.44779837146271756
68,0.5,fg2,0.5289234434752432
68,0.5,eb,0.3221001893027688
68,0.5,eb2,0.3221001893027688
68,0.5,im,0
68,0.5,im2,0
68,0.5,lp,0
68,0.5,lp2,0
68,0.5,le,0.6240477921055517
68,0.5,le2,NA
68,0.5,sl,0.44779837146271756
68,0.5,sl2,0.5222687771149448
67,0.5,wt,0.3282775392868969
67,0.5,wt2,0.3947768550919244
67,0.5,l,0.272433242918532
67,0.5,l2,0.4040634258420676
67,0.5,fg,0.272433242918532
67,0.5,fg2,0.5051364934443504
67,0.5,eb,0
67,0.5,eb2,0
67,0.5,im,0
67,0.5,im2,0
67,0.5,lp,0
67,0.5,lp2,0
67,0.5,le,0.272433242918532
67,0.5,le2,0.4547506521090212
67,0.5,sl,0.34110941639174625
67,0.5,sl2,0.272433242918532
66,0.5,wt,0.28260913270272997
66,0.5,wt2,0.22507454519541922
66,0.5,l,0.5382556923421729
66,0.5,l2,0.6121474339791979
66,0.5,fg,0.35625419768024386
66,0.5,fg2,0.5871165952465225
66,0.5,eb,0
66,0.5,eb2,0.3480750497204699
66,0.5,im,0
66,0.5,im2,0
66,0.5,lp,0
66,0.5,lp2,0
66,0.5,le,0.4192321661798783
66,0.5,le2,0.4942917312655727
66,0.5,sl,0.5321555322307372
66,0.5,sl2,0.46168507161757466
65,0.5,wt,0.5384632412680566
65,0.5,wt2,0.32113442730469993
65,0.5,l,0.5545049744982399
65,0.5,l2,0.5545049744982399
65,0.5,fg,0.30100621569166064
65,0.5,fg2,0.5158513900019488
65,0.5,eb,0
65,0.5,eb2,0.38141660678037964
65,0.5,im,0
65,0.5,im2,0
65,0.5,lp,0
65,0.5,lp2,0
65,0.5,le,0.5478975154199686
65,0.5,le2,0.5986388466094767
65,0.5,sl,0.47737997291459544
65,0.5,sl2,0.47737997291459544
64,0.5,wt,0.9078819155996212
64,0.5,wt2,0.737969881208698
64,0.5,l,0.9078819155996212
64,0.5,l2,0.9078819155996212
64,0.5,fg,0.9078819155996212
64,0.5,fg2,0.9429068635361952
64,0.5,eb,0.6948415314629836
64,0.5,eb2,0.6948415314629836
64,0.5,im,2.95083334195364e-16
64,0.5,im2,2.95083334195364e-16
64,0.5,lp,2.95083334195364e-16
64,0.5,lp2,2.95083334195364e-16
64,0.5,le,0.9078819155996212
64,0.5,le2,0.9429068635361952
64,0.5,sl,0.9429068635361952
64,0.5,sl2,0.9078819155996212
63,0.5,wt,0.3404150146816672
63,0.5,wt2,0.3596887628657423
63,0.5,l,0.6141858191562268
63,0.5,l2,0.6141858191562268
63,0.5,fg,0.6141858191562268
63,0.5,fg2,0.626439218001749
63,0.5,eb,0
63,0.5,eb2,0.38288215912450696
63,0.5,im,0
63,0.5,im2,0
63,0.5,lp,0
63,0.5,lp2,0
63,0.5,le,0.4701939553146371
63,0.5,le2,0.797500638440829
63,0.5,sl,0.6141858191562268
63,0.5,sl2,0.6141858191562268
62,0.5,wt,0.40557090952079233
62,0.5,wt2,0.4503082614533996
62,0.5,l,0.32459256938820724
62,0.5,l2,0.5622879683646173
62,0.5,fg,0.32459256938820724
62,0.5,fg2,0.5759500070799827
62,0.5,eb,0
62,0.5,eb2,0.01852611959344508
62,0.5,im,0
62,0.5,im2,0
62,0.5,lp,0
62,0.5,lp2,0
62,0.5,le,0.3139555664217889
62,0.5,le2,0.36182402669562413
62,0.5,sl,0.32459256938820724
62,0.5,sl2,0.3363444308413145
61,0.5,wt,0.7829296264074622
61,0.5,wt2,0.6261877179280956
61,0.5,l,0.7726688719685487
61,0.5,l2,0.7726688719685487
61,0.5,fg,0.7726688719685487
61,0.5,fg2,0.7726688719685487
61,0.5,eb,0
61,0.5,eb2,0
61,0.5,im,0
61,0.5,im2,0
61,0.5,lp,0
61,0.5,lp2,0
61,0.5,le,NA
61,0.5,le2,0.5839398204271348
61,0.5,sl,0.7726688719685487
61,0.5,sl2,0.7726688719685487
60,0.5,wt,0.39229293200041276
60,0.5,wt2,0.5726761694780946
60,0.5,l,0.859776039244942
60,0.5,l2,0.859776039244942
60,0.5,fg,0.859776039244942
60,0.5,fg2,0.859776039244942
60,0.5,eb,0
60,0.5,eb2,0.4444363167095317
60,0.5,im,0
60,0.5,im2,0
60,0.5,lp,0
60,0.5,lp2,0
60,0.5,le,0.859776039244942
60,0.5,le2,0.859776039244942
60,0.5,sl,0.859776039244942
60,0.5,sl2,0.859776039244942
59,0.5,wt,0.4014543223725114
59,0.5,wt2,0.4014543223725114
59,0.5,l,0.7117781733888208
59,0.5,l2,0.9193556813436299
59,0.5,fg,0.7117781733888208
59,0.5,fg2,0.9193556813436299
59,0.5,eb,0
59,0.5,eb2,0.3292193239402288
59,0.5,im,0
59,0.5,im2,0
59,0.5,lp,0
59,0.5,lp2,0
59,0.5,le,0.724031596997991
59,0.5,le2,0.9015772435223921
59,0.5,sl,0.7117781733888208
59,0.5,sl2,0.7117781733888208
58,0.5,wt,0.6911459336726021
58,0.5,wt2,0.37224040727522756
58,0.5,l,0.6812259782020612
58,0.5,l2,0.8767356944891062
58,0.5,fg,0.6911459336726021
58,0.5,fg2,0.8767356944891062
58,0.5,eb,0.6911459336726021
58,0.5,eb2,0.6911459336726021
58,0.5,im,0
58,0.5,im2,0
58,0.5,lp,0
58,0.5,lp2,0
58,0.5,le,0
58,0.5,le2,0.8767356944891062
58,0.5,sl,0.6911459336726021
58,0.5,sl2,0.7021014075060406
57,0.5,wt,0.24271693390942167
57,0.5,wt2,0.40936823947223117
57,0.5,l,0.5128874396379394
57,0.5,l2,0.5128874396379394
57,0.5,fg,0.5128874396379394
57,0.5,fg2,0.5128874396379394
57,0.5,eb,0
57,0.5,eb2,0.2712043546390735
57,0.5,im,0
57,0.5,im2,0
57,0.5,lp,0
57,0.5,lp2,0
57,0.5,le,0.6162556894201376
57,0.5,le2,0.5554726431718384
57,0.5,sl,0.5128874396379394
57,0.5,sl2,0.5183621347455618
56,0.5,wt,0.6108747073050173
56,0.5,wt2,0.5419826780304989
56,0.5,l,0.5659593490216402
56,0.5,l2,0.5800695456641206
56,0.5,fg,0.5659593490216402
56,0.5,fg2,0.5800695456641206
56,0.5,eb,2.7665447439218346e-16
56,0.5,eb2,0.4911938488569207
56,0.5,im,2.7665447439218346e-16
56,0.5,im2,2.7665447439218346e-16
56,0.5,lp,2.7665447439218346e-16
56,0.5,lp2,2.7665447439218346e-16
56,0.5,le,0.5800695456641206
56,0.5,le2,0.7112667034814227
56,0.5,sl,0.5863879385570999
56,0.5,sl2,0.5659593490216402
55,0.5,wt,0.40484057938216905
55,0.5,wt2,0.48616648419306
55,0.5,l,0.39535614053965273
55,0.5,l2,0.6961886610148977
55,0.5,fg,0.5158822542854543
55,0.5,fg2,0.5158822542854543
55,0.5,eb,0.15707904285017024
55,0.5,eb2,0.15707904285017024
55,0.5,im,0
55,0.5,im2,0
55,0.5,lp,0
55,0.5,lp2,0
55,0.5,le,0.5004371204244009
55,0.5,le2,0.6961886610148976
55,0.5,sl,0.6480446205182108
55,0.5,sl2,0.6480446205182108
54,0.5,wt,0.6940949222237874
54,0.5,wt2,0.7019671975183827
54,0.5,l,0.6866720087163148
54,0.5,l2,0.9295284980699201
54,0.5,fg,0.6031709643981621
54,0.5,fg2,0.9295284980699201
54,0.5,eb,0.6866720087163148
54,0.5,eb2,0.6866720087163148
54,0.5,im,0
54,0.5,im2,0
54,0.5,lp,0
54,0.5,lp2,0
54,0.5,le,0.6866720087163148
54,0.5,le2,0.9281572864706804
54,0.5,sl,0.6940949222237874
54,0.5,sl2,0.6031709643981621
53,0.5,wt,0.5113564775794589
53,0.5,wt2,0.5113564775794589
53,0.5,l,0.5113564775794589
53,0.5,l2,0.6257232200413025
53,0.5,fg,0.5113564775794589
53,0.5,fg2,0.6257232200413025
53,0.5,eb,0.21899288222281837
53,0.5,eb2,0.4854083456490967
53,0.5,im,0
53,0.5,im2,0
53,0.5,lp,0
53,0.5,lp2,0
53,0.5,le,0.5113564775794589
53,0.5,le2,0.5918720766003482
53,0.5,sl,0.5113564775794589
53,0.5,sl2,0.5113564775794589
52,0.5,wt,0.8573900165901234
52,0.5,wt2,0.7273209406401496
52,0.5,l,0.7273209406401496
52,0.5,l2,0.9185877648488838
52,0.5,fg,0.7273209406401496
52,0.5,fg2,0.9185877648488838
52,0.5,eb,0
52,0.5,eb2,0.43723247914367847
52,0.5,im,0
52,0.5,im2,0
52,0.5,lp,0
52,0.5,lp2,0
52,0.5,le,0.7273209406401496
52,0.5,le2,0.9185877648488838
52,0.5,sl,0.72732094064015
52,0.5,sl2,0.7273209406401496
51,0.5,wt,0.4539467215427485
51,0.5,wt2,0.6534649637704721
51,0.5,l,0.630595365465304
51,0.5,l2,0.7666562812997467
51,0.5,fg,0.630595365465304
51,0.5,fg2,0.7666562812997467
51,0.5,eb,0
51,0.5,eb2,0.45206542831064855
51,0.5,im,0
51,0.5,im2,0
51,0.5,lp,0
51,0.5,lp2,0
51,0.5,le,0.5814863439277008
51,0.5,le2,0.6455495409675668
51,0.5,sl,0.7666562812997467
51,0.5,sl2,0.7254397696032568
50,0.5,wt,0.4287650989801243
50,0.5,wt2,0.2956624705113826
50,0.5,l,0.5467705699740159
50,0.5,l2,0.5467705699740159
50,0.5,fg,0.3140116988062937
50,0.5,fg2,0.5439547807220811
50,0.5,eb,0
50,0.5,eb2,0.30459602063754354
50,0.5,im,0
50,0.5,im2,0
50,0.5,lp,0
50,0.5,lp2,0
50,0.5,le,0.5586606068432628
50,0.5,le2,0.5586606068432628
50,0.5,sl,0.3170431857888409
50,0.5,sl2,0.3170431857888409
49,0.5,wt,0.3425343210102862
49,0.5,wt2,0.3425343210102862
49,0.5,l,0.5832202815333906
49,0.5,l2,0.5650066686371106
49,0.5,fg,0.5832202815333906
49,0.5,fg2,0.5650066686371106
49,0.5,eb,0
49,0.5,eb2,0.4432949516750035
49,0.5,im,0
49,0.5,im2,0
49,0.5,lp,0
49,0.5,lp2,0
49,0.5,le,0.38832255352109823
49,0.5,le2,0.6018498813280909
49,0.5,sl,0.5832202815333906
49,0.5,sl2,0.5832202815333906
48,0.5,wt,0.633593685582967
48,0.5,wt2,0.39353659129700513
48,0.5,l,0.6437361140386485
48,0.5,l2,0.633593685582967
48,0.5,fg,0.3093808593199809
48,0.5,fg2,0.6705239986842851
48,0.5,eb,0.3609756491056042
48,0.5,eb2,0.3609756491056042
48,0.5,im,0
48,0.5,im2,0
48,0.5,lp,0
48,0.5,lp2,0
48,0.5,le,0.633593685582967
48,0.5,le2,0.7046406580688478
48,0.5,sl,0.6437361140386485
48,0.5,sl2,0.6437361140386485
47,0.5,wt,0.47437449912037694
47,0.5,wt2,0.4884864283305276
47,0.5,l,0.47437449912037694
47,0.5,l2,0.6056879252342993
47,0.5,fg,0.47437449912037694
47,0.5,fg2,0.6056879252342993
47,0.5,eb,0
47,0.5,eb2,0.058270508844537404
47,0.5,im,0
47,0.5,im2,0
47,0.5,lp,0
47,0.5,lp2,0
47,0.5,le,0.4415515954140807
47,0.5,le2,0.5911562911136183
47,0.5,sl,0.4884864283305276
47,0.5,sl2,0.47437449912037694
46,0.5,wt,0.16515165800675954
46,0.5,wt2,0.18479742413382624
46,0.5,l,0.313898259910272
46,0.5,l2,0.4935696748884382
46,0.5,fg,0.3472948715610466
46,0.5,fg2,0.4313933264662739
46,0.5,eb,0.04280725622438923
46,0.5,eb2,0.36647825345396917
46,0.5,im,2.844929796164634e-16
46,0.5,im2,2.844929796164634e-16
46,0.5,lp,2.844929796164634e-16
46,0.5,lp2,2.844929796164634e-16
46,0.5,le,0.4247163152582738
46,0.5,le2,0.4443965478959894
46,0.5,sl,0.3472948715610466
46,0.5,sl2,0.3472948715610466
45,0.5,wt,0.511037543742407
45,0.5,wt2,0.5823479510147134
45,0.5,l,0.26884770364752797
45,0.5,l2,0.511037543742407
45,0.5,fg,0.26884770364752797
45,0.5,fg2,0.4888376622731954
45,0.5,eb,0.28117627169687337
45,0.5,eb2,0.28117627169687337
45,0.5,im,0
45,0.5,im2,0
45,0.5,lp,0
45,0.5,lp2,0
45,0.5,le,0.4702397229825574
45,0.5,le2,0.5427060545716598
45,0.5,sl,0.4913182991947063
45,0.5,sl2,0.4913182991947063
44,0.5,wt,0.531343235184459
44,0.5,wt2,0.5896766464849142
44,0.5,l,0.6374638517487694
44,0.5,l2,0.6484535537340113
44,0.5,fg,0.6374638517487694
44,0.5,fg2,0.7127162230161755
44,0.5,eb,0.06879730835310074
44,0.5,eb2,0.17823122782925113
44,0.5,im,0
44,0.5,im2,0
44,0.5,lp,0
44,0.5,lp2,0
44,0.5,le,0.7424272088769776
44,0.5,le2,0.7424272088769776
44,0.5,sl,0.6374638517487694
44,0.5,sl2,0.6374638517487694
43,0.5,wt,0.2848044144864811
43,0.5,wt2,0.2848044144864811
43,0.5,l,0.4618717563430142
43,0.5,l2,0.621430520186843
43,0.5,fg,0.24827320363220506
43,0.5,fg2,0.621430520186843
43,0.5,eb,-2.777693975355915e-16
43,0.5,eb2,0.33065269282034027
43,0.5,im,-2.777693975355915e-16
43,0.5,im2,-2.777693975355915e-16
43,0.5,lp,-2.777693975355915e-16
43,0.5,lp2,-2.777693975355915e-16
43,0.5,le,0.46882082721043977
43,0.5,le2,0.5304635785817045
43,0.5,sl,0.4265942812618423
43,0.5,sl2,0.4440820623012852
42,0.5,wt,0.6386911305350372
42,0.5,wt2,0.5039546317821842
42,0.5,l,0.46764173873794584
42,0.5,l2,0.6636820144533556
42,0.5,fg,0.46764173873794584
42,0.5,fg2,0.6636820144533556
42,0.5,eb,0
42,0.5,eb2,0.4158440377837074
42,0.5,im,0
42,0.5,im2,0
42,0.5,lp,0
42,0.5,lp2,0
42,0.5,le,0.5160583870630566
42,0.5,le2,0.600756839103651
42,0.5,sl,0.6672311159624539
42,0.5,sl2,0.6636820144533556
41,0.5,wt,0.32856753873812844
41,0.5,wt2,0.3313405355183923
41,0.5,l,0.43115310218306235
41,0.5,l2,0.4548985090714043
41,0.5,fg,0.325175075361472
41,0.5,fg2,0.4693686014333065
41,0.5,eb,0
41,0.5,eb2,0.03832262548919935
41,0.5,im,0
41,0.5,im2,0
41,0.5,lp,0
41,0.5,lp2,0
41,0.5,le,0.4267465275120089
41,0.5,le2,0.4439511517540747
41,0.5,sl,0.33409245250390507
41,0.5,sl2,0.33409245250390507
40,0.5,wt,0.47234614420828896
40,0.5,wt2,0.47561902720277294
40,0.5,l,0.47561902720277294
40,0.5,l2,0.7455147193863656
40,0.5,fg,0.47561902720277294
40,0.5,fg2,0.7455147193863656
40,0.5,eb,0.47561902720277294
40,0.5,eb2,0.47561902720277294
40,0.5,im,0
40,0.5,im2,0
40,0.5,lp,0
40,0.5,lp2,0
40,0.5,le,0.47561902720277294
40,0.5,le2,NA
40,0.5,sl,0.47561902720277294
40,0.5,sl2,0.47561902720277294
39,0.5,wt,0.17759369312455522
39,0.5,wt2,0.17759369312455522
39,0.5,l,0.1791463771728783
39,0.5,l2,0.49677266894257155
39,0.5,fg,0.1791463771728783
39,0.5,fg2,0.3657477181655168
39,0.5,eb,0.0854942144152157
39,0.5,eb2,0.0854942144152157
39,0.5,im,-2.828394617360619e-16
39,0.5,im2,-2.828394617360619e-16
39,0.5,lp,-2.828394617360619e-16
39,0.5,lp2,-2.828394617360619e-16
39,0.5,le,0.1791463771728783
39,0.5,le2,0.2795599661135017
39,0.5,sl,0.20769047460200127
39,0.5,sl2,0.20769047460200127
38,0.5,wt,0.3503430674122669
38,0.5,wt2,0.4943761694916154
38,0.5,l,0.5740880595193232
38,0.5,l2,0.5015589811963149
38,0.5,fg,0.5740880595193232
38,0.5,fg2,0.5631202910286754
38,0.5,eb,0
38,0.5,eb2,0
38,0.5,im,0
38,0.5,im2,0
38,0.5,lp,0
38,0.5,lp2,0
38,0.5,le,0.46349217637023815
38,0.5,le2,0.4716720044535613
38,0.5,sl,0.5740880595193232
38,0.5,sl2,0.5740880595193232
37,0.5,wt,0.7438731566949035
37,0.5,wt2,0.37302254902429327
37,0.5,l,0.7115801483136468
37,0.5,l2,0.7115801483136468
37,0.5,fg,0.7115801483136468
37,0.5,fg2,0.7115801483136468
37,0.5,eb,0.7115801483136468
37,0.5,eb2,0.7115801483136468
37,0.5,im,0
37,0.5,im2,0
37,0.5,lp,0
37,0.5,lp2,0
37,0.5,le,0
37,0.5,le2,NA
37,0.5,sl,0.7115801483136468
37,0.5,sl2,0.7115801483136468
36,0.5,wt,0.32802286680382714
36,0.5,wt2,0.35514061040667927
36,0.5,l,0.3241824162150376
36,0.5,l2,0.4092328964992942
36,0.5,fg,0.3241824162150376
36,0.5,fg2,0.4092328964992942
36,0.5,eb,0
36,0.5,eb2,0.28193049144630944
36,0.5,im,0
36,0.5,im2,0
36,0.5,lp,0
36,0.5,lp2,0
36,0.5,le,0.3241824162150376
36,0.5,le2,0.47043542069221106
36,0.5,sl,0.3241824162150376
36,0.5,sl2,0.3241824162150376
35,0.5,wt,0.6837782605367708
35,0.5,wt2,0.6837782605367708
35,0.5,l,0.6722508548126828
35,0.5,l2,0.9126042085606345
35,0.5,fg,0.6722508548126828
35,0.5,fg2,0.9126042085606345
35,0.5,eb,0.7021625751952575
35,0.5,eb2,0.87574360455481
35,0.5,im,0
35,0.5,im2,0
35,0.5,lp,0
35,0.5,lp2,0
35,0.5,le,0.7226887038937801
35,0.5,le2,0.9126042085606345
35,0.5,sl,0.6722508548126828
35,0.5,sl2,0.699405116356152
34,0.5,wt,0.5563848504526132
34,0.5,wt2,0.6003749470297692
34,0.5,l,0.5102646255201164
34,0.5,l2,0.5102646255201164
34,0.5,fg,0.5102646255201164
34,0.5,fg2,0.5102646255201164
34,0.5,eb,0.14565651155302106
34,0.5,eb2,0.3777121623774637
34,0.5,im,-2.8396593409369827e-16
34,0.5,im2,-2.8396593409369827e-16
34,0.5,lp,-2.8396593409369827e-16
34,0.5,lp2,-2.8396593409369827e-16
34,0.5,le,0.5232625367271452
34,0.5,le2,0.45463254890581495
34,0.5,sl,0.5102646255201164
34,0.5,sl2,0.5102646255201164
33,0.5,wt,0.2775642222853572
33,0.5,wt2,0.5788700375356034
33,0.5,l,0.65751472217601
33,0.5,l2,0.65751472217601
33,0.5,fg,0.6039031372923845
33,0.5,fg2,0.65751472217601
33,0.5,eb,0.6323385711037142
33,0.5,eb2,0.6323385711037142
33,0.5,im,0
33,0.5,im2,0
33,0.5,lp,0
33,0.5,lp2,0
33,0.5,le,0.674706881098542
33,0.5,le2,0.7419336134357731
33,0.5,sl,0.6039031372923845
33,0.5,sl2,0.6039031372923845
32,0.5,wt,0.9068994140101571
32,0.5,wt2,0.9068994140101571
32,0.5,l,0.6802803447026439
32,0.5,l2,0.9034863350431017
32,0.5,fg,0.9068994140101571
32,0.5,fg2,0.9068994140101571
32,0.5,eb,0.6474890704013153
32,0.5,eb2,0.6474890704013153
32,0.5,im,0
32,0.5,im2,0
32,0.5,lp,0
32,0.5,lp2,0
32,0.5,le,0.9068994140101571
32,0.5,le2,0.9068994140101571
32,0.5,sl,0.9068994140101571
32,0.5,sl2,0.9068994140101571
31,0.5,wt,0.4252984103783787
31,0.5,wt2,0.4378398692864142
31,0.5,l,0.7340534436526244
31,0.5,l2,0.7340534436526244
31,0.5,fg,0.4378398692864142
31,0.5,fg2,0.7340534436526244
31,0.5,eb,0.7340534436526244
31,0.5,eb2,0.7340534436526244
31,0.5,im,0
31,0.5,im2,0
31,0.5,lp,0
31,0.5,lp2,0
31,0.5,le,0.7340534436526244
31,0.5,le2,0
31,0.5,sl,0.4378398692864142
31,0.5,sl2,0.4378398692864142
30,0.5,wt,0.30012917328441374
30,0.5,wt2,0.3189549818690197
30,0.5,l,0.2515135295014802
30,0.5,l2,0.41778391991461983
30,0.5,fg,0.3031892659867829
30,0.5,fg2,0.41778391991461983
30,0.5,eb,0.10487474052635777
30,0.5,eb2,0.12946683628980885
30,0.5,im,0
30,0.5,im2,0
30,0.5,lp,0
30,0.5,lp2,0
30,0.5,le,0.41778391991461983
30,0.5,le2,0.41778391991461983
30,0.5,sl,0.3031892659867829
30,0.5,sl2,0.3031892659867831
29,0.5,wt,0.3961837485493328
29,0.5,wt2,0.23591829617990268
29,0.5,l,0.41937561842643895
29,0.5,l2,0.5538275795768954
29,0.5,fg,0.48607292773490246
29,0.5,fg2,0.6495007637128092
29,0.5,eb,0
29,0.5,eb2,0.35224844324576565
29,0.5,im,0
29,0.5,im2,0
29,0.5,lp,0
29,0.5,lp2,0
29,0.5,le,0.336318573668347
29,0.5,le2,NA
29,0.5,sl,0.4967172495754448
29,0.5,sl2,0.4669172711937235
28,0.5,wt,0.49568576498924655
28,0.5,wt2,0.34745907149582356
28,0.5,l,0.5588265453231772
28,0.5,l2,0.7231463091119236
28,0.5,fg,0.5588265453231772
28,0.5,fg2,0.7231463091119236
28,0.5,eb,-2.8273586703622432e-16
28,0.5,eb2,0.44769550191989177
28,0.5,im,-2.8273586703622432e-16
28,0.5,im2,-2.8273586703622432e-16
28,0.5,lp,-2.8273586703622432e-16
28,0.5,lp2,-2.8273586703622432e-16
28,0.5,le,0.5292956460288478
28,0.5,le2,0.615431205356548
28,0.5,sl,0.5588265453231772
28,0.5,sl2,0.5588265453231772
27,0.5,wt,0.30541225516784276
27,0.5,wt2,0.33093204947518057
27,0.5,l,0.4793852678986205
27,0.5,l2,0.5754558098129152
27,0.5,fg,0.42576898114144873
27,0.5,fg2,0.49443397987693544
27,0.5,eb,-2.8316227557214754e-16
27,0.5,eb2,-2.8316227557214754e-16
27,0.5,im,-2.8316227557214754e-16
27,0.5,im2,-2.8316227557214754e-16
27,0.5,lp,-2.8316227557214754e-16
27,0.5,lp2,-2.8316227557214754e-16
27,0.5,le,0.4309903732063296
27,0.5,le2,0.510594531891132
27,0.5,sl,0.4793852678986205
27,0.5,sl2,0.4793852678986205
26,0.5,wt,0.39247618644632043
26,0.5,wt2,0.6100155210619049
26,0.5,l,0.5591293282134686
26,0.5,l2,0.635316256410262
26,0.5,fg,0.5459172732158979
26,0.5,fg2,0.635316256410262
26,0.5,eb,-2.850593612095991e-16
26,0.5,eb2,0.36422584795377466
26,0.5,im,-2.850593612095991e-16
26,0.5,im2,-2.850593612095991e-16
26,0.5,lp,-2.850593612095991e-16
26,0.5,lp2,-2.850593612095991e-16
26,0.5,le,0.5156150524883437
26,0.5,le2,0.43664887658117935
26,0.5,sl,0.552147825239852
26,0.5,sl2,0.5459172732158979
25,0.5,wt,0.3450645078205144
25,0.5,wt2,0.672508541737943
25,0.5,l,0.6043378523008548
25,0.5,l2,0.7126080554962188
25,0.5,fg,0.6043378523008548
25,0.5,fg2,0.6043378523008548
25,0.5,eb,0
25,0.5,eb2,0.21073115700793527
25,0.5,im,0
25,0.5,im2,0
25,0.5,lp,0
25,0.5,lp2,0
25,0.5,le,0.6043378523008548
25,0.5,le2,0.7645420559854377
25,0.5,sl,0.6043378523008548
25,0.5,sl2,0.6043378523008548
24,0.5,wt,0.7193108736671555
24,0.5,wt2,0.612036984926464
24,0.5,l,0.6703065465120086
24,0.5,l2,0.6703065465120086
24,0.5,fg,0.6703065465120086
24,0.5,fg2,0.6703065465120086
24,0.5,eb,2.9226338595206915e-16
24,0.5,eb2,0.2410179740489229
24,0.5,im,2.9226338595206915e-16
24,0.5,im2,2.9226338595206915e-16
24,0.5,lp,2.9226338595206915e-16
24,0.5,lp2,2.9226338595206915e-16
24,0.5,le,0.5531190290892951
24,0.5,le2,NA
24,0.5,sl,0.6096665580205218
24,0.5,sl2,0.7251637679726208
23,0.5,wt,0.29708782773155135
23,0.5,wt2,0.30342333957753775
23,0.5,l,0.2606600532200762
23,0.5,l2,0.6096403194317226
23,0.5,fg,0.2606600532200762
23,0.5,fg2,0.6096403194317226
23,0.5,eb,0
23,0.5,eb2,0.3966587124753365
23,0.5,im,0
23,0.5,im2,0
23,0.5,lp,0
23,0.5,lp2,0
23,0.5,le,0.4180617708161293
23,0.5,le2,0.5564387579456352
23,0.5,sl,0.2606600532200762
23,0.5,sl2,0.28471053271518393
22,0.5,wt,0.4136805954352345
22,0.5,wt2,0.4136805954352345
22,0.5,l,0.3306150547974772
22,0.5,l2,0.6466954774529798
22,0.5,fg,0.6466954774529798
22,0.5,fg2,0.6466954774529798
22,0.5,eb,0.20866377649561088
22,0.5,eb2,0.20866377649561088
22,0.5,im,0
22,0.5,im2,0
22,0.5,lp,0
22,0.5,lp2,0
22,0.5,le,0.6466954774529798
22,0.5,le2,0.6466954774529798
22,0.5,sl,0.6617614178989895
22,0.5,sl2,0.6617614178989895
21,0.5,wt,0.6214172079632656
21,0.5,wt2,0.5696820692300358
21,0.5,l,0.5696820692300358
21,0.5,l2,0.5696820692300358
21,0.5,fg,0.5696820692300358
21,0.5,fg2,0.5696820692300358
21,0.5,eb,0.3474345002708464
21,0.5,eb2,0.39715076315842096
21,0.5,im,0
21,0.5,im2,0
21,0.5,lp,0
21,0.5,lp2,0
21,0.5,le,0.6040139409190534
21,0.5,le2,0.5987567581560738
21,0.5,sl,0.5696820692300358
21,0.5,sl2,0.5866835872210686
20,0.5,wt,0.52329604685456
20,0.5,wt2,0.52329604685456
20,0.5,l,0.52329604685456
20,0.5,l2,0.5826523402586715
20,0.5,fg,0.52329604685456
20,0.5,fg2,0.5826523402586715
20,0.5,eb,0.3023762291055655
20,0.5,eb2,0.33545124817550565
20,0.5,im,0
20,0.5,im2,0
20,0.5,lp,0
20,0.5,lp2,0
20,0.5,le,0.5240877575903209
20,0.5,le2,0.5400030042744741
20,0.5,sl,0.52329604685456
20,0.5,sl2,0.52329604685456
19,0.5,wt,0.637403239184326
19,0.5,wt2,0.6355971288727877
19,0.5,l,0.6085932281366118
19,0.5,l2,0.831478455168493
19,0.5,fg,0.6085932281366118
19,0.5,fg2,0.831478455168493
19,0.5,eb,0
19,0.5,eb2,0.7272390491239786
19,0.5,im,0
19,0.5,im2,0
19,0.5,lp,0
19,0.5,lp2,0
19,0.5,le,0.8334674695974695
19,0.5,le2,0.831478455168493
19,0.5,sl,0.6085932281366118
19,0.5,sl2,0.6085932281366118
18,0.5,wt,0.368641491095767
18,0.5,wt2,0.3116001646447494
18,0.5,l,0.5578043633372719
18,0.5,l2,0.5578043633372719
18,0.5,fg,0.5578043633372719
18,0.5,fg2,0.5578043633372719
18,0.5,eb,0
18,0.5,eb2,0.22262419724205848
18,0.5,im,0
18,0.5,im2,0
18,0.5,lp,0
18,0.5,lp2,0
18,0.5,le,0.6197115260107642
18,0.5,le2,0.5578043633372721
18,0.5,sl,0.5712137991114044
18,0.5,sl2,0.5578043633372719
17,0.5,wt,0.27962678722422973
17,0.5,wt2,0.27962678722422973
17,0.5,l,0.27312457860278594
17,0.5,l2,0.33307033242482037
17,0.5,fg,0.27312457860278594
17,0.5,fg2,0.33307033242482037
17,0.5,eb,0
17,0.5,eb2,0
17,0.5,im,0
17,0.5,im2,0
17,0.5,lp,0
17,0.5,lp2,0
17,0.5,le,0.25210078440550415
17,0.5,le2,0.49804187171042846
17,0.5,sl,0.27312457860278594
17,0.5,sl2,0.294409616654718
16,0.5,wt,0.4382615101682267
16,0.5,wt2,0.43954380920104374
16,0.5,l,0.673174365329566
16,0.5,l2,0.656462507558757
16,0.5,fg,0.673174365329566
16,0.5,fg2,0.656462507558757
16,0.5,eb,0
16,0.5,eb2,0.5671729257223785
16,0.5,im,0
16,0.5,im2,0
16,0.5,lp,0
16,0.5,lp2,0
16,0.5,le,0.656462507558757
16,0.5,le2,0.656462507558757
16,0.5,sl,0.673174365329566
16,0.5,sl2,0.674456664362383
15,0.5,wt,0.5310089251353438
15,0.5,wt2,0.28812359108276203
15,0.5,l,0.4765450912337847
15,0.5,l2,0.648685806788384
15,0.5,fg,0.44961559736250944
15,0.5,fg2,0.5367848552786829
15,0.5,eb,0.08340036154256875
15,0.5,eb2,0.11800755076130878
15,0.5,im,-2.819865779443438e-16
15,0.5,im2,-2.819865779443438e-16
15,0.5,lp,-2.819865779443438e-16
15,0.5,lp2,-2.819865779443438e-16
15,0.5,le,0.5833575087353879
15,0.5,le2,NA
15,0.5,sl,0.4765450912337847
15,0.5,sl2,0.4765450912337847
14,0.5,wt,0.34694622558393284
14,0.5,wt2,0.44502676376749306
14,0.5,l,0.4507317367367798
14,0.5,l2,0.7115370693538985
14,0.5,fg,0.4507317367367798
14,0.5,fg2,0.7115370693538985
14,0.5,eb,0
14,0.5,eb2,0.044220136801610486
14,0.5,im,0
14,0.5,im2,0
14,0.5,lp,0
14,0.5,lp2,0
14,0.5,le,0.5008229079725808
14,0.5,le2,0.635001958466446
14,0.5,sl,0.4507317367367798
14,0.5,sl2,0.4507317367367798
13,0.5,wt,0.23447187900423774
13,0.5,wt2,0.22641415517524766
13,0.5,l,0.20850183042990247
13,0.5,l2,0.35097270004659714
13,0.5,fg,0.20850183042990247
13,0.5,fg2,0.41607454107901237
13,0.5,eb,0
13,0.5,eb2,0.1787238150600346
13,0.5,im,0
13,0.5,im2,0
13,0.5,lp,0
13,0.5,lp2,0
13,0.5,le,0.20850183042990247
13,0.5,le2,0.5033583588044683
13,0.5,sl,0.20850183042990247
13,0.5,sl2,0.20850183042990247
12,0.5,wt,0.4941786328658967
12,0.5,wt2,0.5012347871575423
12,0.5,l,0.60994112644424
12,0.5,l2,0.7365297199287171
12,0.5,fg,0.60994112644424
12,0.5,fg2,0.7365297199287171
12,0.5,eb,0
12,0.5,eb2,0.33861985341794393
12,0.5,im,0
12,0.5,im2,0
12,0.5,lp,0
12,0.5,lp2,0
12,0.5,le,0.48794657821292226
12,0.5,le2,0.5819278344298598
12,0.5,sl,0.5615567542599222
12,0.5,sl2,0.5615567542599222
11,0.5,wt,0.47274499200939635
11,0.5,wt2,0.48339791072405824
11,0.5,l,0.5618920540111381
11,0.5,l2,0.5039457385716939
11,0.5,fg,0.47274499200939635
11,0.5,fg2,0.4583216570778165
11,0.5,eb,0.1589936079850684
11,0.5,eb2,0.1589936079850684
11,0.5,im,0
11,0.5,im2,0
11,0.5,lp,0
11,0.5,lp2,0
11,0.5,le,0.47848601641018507
11,0.5,le2,0.5817086757416909
11,0.5,sl,0.47274499200939635
11,0.5,sl2,0.47274499200939635
10,0.5,wt,0.4210875805353919
10,0.5,wt2,0.32459881257058637
10,0.5,l,0.40816033058992757
10,0.5,l2,0.38790254422268733
10,0.5,fg,0.48699598903568736
10,0.5,fg2,0.5426497438151174
10,0.5,eb,0
10,0.5,eb2,0.254616435755154
10,0.5,im,0
10,0.5,im2,0
10,0.5,lp,0
10,0.5,lp2,0
10,0.5,le,0.5086173505493445
10,0.5,le2,NA
10,0.5,sl,0.4534291885368492
10,0.5,sl2,0.4534291885368492
9,0.5,wt,0.30741446046090964
9,0.5,wt2,0.2792658940884194
9,0.5,l,0.26423423370682714
9,0.5,l2,0.3862985892007455
9,0.5,fg,0.26423423370682714
9,0.5,fg2,0.3486131976568478
9,0.5,eb,0.1672005070578156
9,0.5,eb2,0.18926296033414644
9,0.5,im,0
9,0.5,im2,0
9,0.5,lp,0
9,0.5,lp2,0
9,0.5,le,0.3065286507154095
9,0.5,le2,0.4662889653983363
9,0.5,sl,0.26423423370682714
9,0.5,sl2,0.26423423370682714
8,0.5,wt,0.5857691703876251
8,0.5,wt2,0.6113774111211864
8,0.5,l,0.7578724080882496
8,0.5,l2,0.8440392380038463
8,0.5,fg,0.7578724080882496
8,0.5,fg2,0.8440392380038463
8,0.5,eb,0.08224036173286624
8,0.5,eb2,0.4237113588252548
8,0.5,im,-2.8331781527403094e-16
8,0.5,im2,-2.8331781527403094e-16
8,0.5,lp,-2.8331781527403094e-16
8,0.5,lp2,-2.8331781527403094e-16
8,0.5,le,0.41524607477869596
8,0.5,le2,NA
8,0.5,sl,0.7578724080882496
8,0.5,sl2,0.7175738694845962
7,0.5,wt,0.22975507608990114
7,0.5,wt2,0.20717467459460448
7,0.5,l,0.5342466418658123
7,0.5,l2,0.6393516610233181
7,0.5,fg,0.3098759210935097
7,0.5,fg2,0.6393516610233181
7,0.5,eb,0
7,0.5,eb2,0.3559914872220002
7,0.5,im,0
7,0.5,im2,0
7,0.5,lp,0
7,0.5,lp2,0
7,0.5,le,0.4254441996683336
7,0.5,le2,0.5270329734701843
7,0.5,sl,0.5427792546352451
7,0.5,sl2,0.49374054194240324
6,0.5,wt,0.7199680579049044
6,0.5,wt2,0.2790420015493185
6,0.5,l,0.2790420015493185
6,0.5,l2,0.6825798109179572
6,0.5,fg,0.2790420015493185
6,0.5,fg2,0.6825798109179572
6,0.5,eb,0.4480544140070941
6,0.5,eb2,0.4480544140070941
6,0.5,im,0
6,0.5,im2,0
6,0.5,lp,0
6,0.5,lp2,0
6,0.5,le,0.6825798109179572
6,0.5,le2,NA
6,0.5,sl,0.6094695377545495
6,0.5,sl2,0.6094695377545495
5,0.5,wt,0.7715117125113928
5,0.5,wt2,0.3853915570296258
5,0.5,l,0.6486778744417665
5,0.5,l2,0.758896371989564
5,0.5,fg,0.5189403403730333
5,0.5,fg2,0.7600947662991542
5,0.5,eb,2.82722935834068e-16
5,0.5,eb2,2.82722935834068e-16
5,0.5,im,2.82722935834068e-16
5,0.5,im2,2.82722935834068e-16
5,0.5,lp,2.82722935834068e-16
5,0.5,lp2,2.82722935834068e-16
5,0.5,le,0.5386111398331664
5,0.5,le2,0.696737658908225
5,0.5,sl,0.7472161890593269
5,0.5,sl2,0.7472161890593269
4,0.5,wt,0.5229631670083753
4,0.5,wt2,0.521883524544327
4,0.5,l,0.4640544707767321
4,0.5,l2,0.6532078444119056
4,0.5,fg,0.4640544707767321
4,0.5,fg2,0.6532078444119056
4,0.5,eb,0
4,0.5,eb2,0
4,0.5,im,0
4,0.5,im2,0
4,0.5,lp,0
4,0.5,lp2,0.020645337090783297
4,0.5,le,0.4770272708323347
4,0.5,le2,0.5999192539907956
4,0.5,sl,0.4640544707767321
4,0.5,sl2,0.4640544707767321
3,0.5,wt,0.5691278957607401
3,0.5,wt2,0.29030659548980836
3,0.5,l,0.2993208559895286
3,0.5,l2,0.5513991026964222
3,0.5,fg,0.5513991026964222
3,0.5,fg2,0.5513991026964222
3,0.5,eb,0.33149225418497186
3,0.5,eb2,0.4746336670813048
3,0.5,im,0
3,0.5,im2,0
3,0.5,lp,0
3,0.5,lp2,0
3,0.5,le,0.5154699504424608
3,0.5,le2,0.5154699504424608
3,0.5,sl,0.5513991026964222
3,0.5,sl2,0.5513991026964222
2,0.5,wt,0.24103368912575007
2,0.5,wt2,0.26027027972510086
2,0.5,l,0.3074055591763514
2,0.5,l2,0.4008767878200501
2,0.5,fg,0.2710587016733733
2,0.5,fg2,0.4008767878200501
2,0.5,eb,0.17224144536010197
2,0.5,eb2,0.33372421608416564
2,0.5,im,0
2,0.5,im2,0
2,0.5,lp,0
2,0.5,lp2,0
2,0.5,le,0.2940114274885911
2,0.5,le2,0.34314258158849453
2,0.5,sl,0.3081660611263185
2,0.5,sl2,0.29685018433433863
1,0.5,wt,0.5621531765870806
1,0.5,wt2,0.5810013769020073
1,0.5,l,0.5621531765870806
1,0.5,l2,0.7917603955785907
1,0.5,fg,0.5400029487656749
1,0.5,fg2,0.7917603955785907
1,0.5,eb,0.16623420763570154
1,0.5,eb2,0.16623420763570154
1,0.5,im,0
1,0.5,im2,0
1,0.5,lp,0
1,0.5,lp2,0
1,0.5,le,0.6885999680574518
1,0.5,le2,0.7917603955785909
1,0.5,sl,0.5400029487656749
1,0.5,sl2,0.5400029487656749
