run,alpha,method,accuracies,c_count
100,0.1,wt,1,5
100,0.1,wt2,1,5
100,0.1,l,1,5
100,0.1,l2,1,5
100,0.1,fg,1,5
100,0.1,fg2,1,5
100,0.1,eb,0.56,22
100,0.1,eb2,0.56,22
100,0.1,im,1,5
100,0.1,im2,1,5
100,0.1,lp,1,5
100,0.1,lp2,1,5
100,0.1,sl,1,6
100,0.1,sl2,1,5
99,0.1,wt,1,5
99,0.1,wt2,1,5
99,0.1,l,1,5
99,0.1,l2,1,5
99,0.1,fg,1,5
99,0.1,fg2,1,5
99,0.1,eb,0.8,30
99,0.1,eb2,0.8,30
99,0.1,im,1,5
99,0.1,im2,1,5
99,0.1,lp,1,5
99,0.1,lp2,1,5
99,0.1,sl,1,5
99,0.1,sl2,1,5
98,0.1,wt,1,5
98,0.1,wt2,1,5
98,0.1,l,1,5
98,0.1,l2,1,5
98,0.1,fg,1,5
98,0.1,fg2,1,5
98,0.1,eb,0.32,6
98,0.1,eb2,0.76,35
98,0.1,im,1,5
98,0.1,im2,1,5
98,0.1,lp,1,5
98,0.1,lp2,1,5
98,0.1,sl,1,5
98,0.1,sl2,1,5
97,0.1,wt,1,5
97,0.1,wt2,1,5
97,0.1,l,1,5
97,0.1,l2,1,5
97,0.1,fg,1,5
97,0.1,fg2,1,5
97,0.1,eb,0.9,23
97,0.1,eb2,0.9,23
97,0.1,im,1,5
97,0.1,im2,1,5
97,0.1,lp,1,5
97,0.1,lp2,1,5
97,0.1,sl,1,5
97,0.1,sl2,1,5
96,0.1,wt,1,5
96,0.1,wt2,1,5
96,0.1,l,1,5
96,0.1,l2,1,5
96,0.1,fg,1,5
96,0.1,fg2,1,5
96,0.1,eb,0.68,28
96,0.1,eb2,0.68,28
96,0.1,im,1,5
96,0.1,im2,1,5
96,0.1,lp,1,5
96,0.1,lp2,1,5
96,0.1,sl,1,5
96,0.1,sl2,1,5
95,0.1,wt,1,5
95,0.1,wt2,1,5
95,0.1,l,1,5
95,0.1,l2,1,5
95,0.1,fg,1,5
95,0.1,fg2,1,5
95,0.1,eb,0.62,23
95,0.1,eb2,0.82,33
95,0.1,im,1,5
95,0.1,im2,1,5
95,0.1,lp,1,5
95,0.1,lp2,1,5
95,0.1,sl,1,5
95,0.1,sl2,1,5
94,0.1,wt,1,5
94,0.1,wt2,1,5
94,0.1,l,1,5
94,0.1,l2,1,5
94,0.1,fg,1,5
94,0.1,fg2,1,5
94,0.1,eb,0.56,20
94,0.1,eb2,0.56,20
94,0.1,im,1,5
94,0.1,im2,1,5
94,0.1,lp,1,5
94,0.1,lp2,1,5
94,0.1,sl,1,5
94,0.1,sl2,1,5
93,0.1,wt,1,5
93,0.1,wt2,1,5
93,0.1,l,1,5
93,0.1,l2,1,5
93,0.1,fg,1,5
93,0.1,fg2,1,5
93,0.1,eb,0.7,28
93,0.1,eb2,0.7,28
93,0.1,im,1,5
93,0.1,im2,1,5
93,0.1,lp,1,5
93,0.1,lp2,1,5
93,0.1,sl,1,6
93,0.1,sl2,1,5
92,0.1,wt,1,5
92,0.1,wt2,1,5
92,0.1,l,1,5
92,0.1,l2,1,5
92,0.1,fg,1,5
92,0.1,fg2,1,5
92,0.1,eb,0.5,15
92,0.1,eb2,0.5,15
92,0.1,im,1,5
92,0.1,im2,1,5
92,0.1,lp,1,5
92,0.1,lp2,1,5
92,0.1,sl,1,5
92,0.1,sl2,1,5
91,0.1,wt,1,5
91,0.1,wt2,1,5
91,0.1,l,1,5
91,0.1,l2,1,5
91,0.1,fg,1,5
91,0.1,fg2,1,5
91,0.1,eb,0.92,32
91,0.1,eb2,0.92,32
91,0.1,im,1,5
91,0.1,im2,1,5
91,0.1,lp,1,5
91,0.1,lp2,1,5
91,0.1,sl,0.98,5
91,0.1,sl2,1,6
90,0.1,wt,1,5
90,0.1,wt2,1,5
90,0.1,l,1,5
90,0.1,l2,1,5
90,0.1,fg,1,5
90,0.1,fg2,1,5
90,0.1,eb,0.5,17
90,0.1,eb2,0.7,29
90,0.1,im,1,5
90,0.1,im2,1,5
90,0.1,lp,1,5
90,0.1,lp2,1,5
90,0.1,sl,1,5
90,0.1,sl2,1,7
89,0.1,wt,1,5
89,0.1,wt2,1,5
89,0.1,l,1,5
89,0.1,l2,1,5
89,0.1,fg,1,5
89,0.1,fg2,1,5
89,0.1,eb,0.64,26
89,0.1,eb2,0.64,26
89,0.1,im,1,5
89,0.1,im2,1,5
89,0.1,lp,1,5
89,0.1,lp2,1,5
89,0.1,sl,1,5
89,0.1,sl2,1,6
88,0.1,wt,1,5
88,0.1,wt2,1,5
88,0.1,l,1,5
88,0.1,l2,1,5
88,0.1,fg,1,5
88,0.1,fg2,1,5
88,0.1,eb,0.5,19
88,0.1,eb2,0.5,19
88,0.1,im,1,5
88,0.1,im2,1,5
88,0.1,lp,1,5
88,0.1,lp2,1,5
88,0.1,sl,1,5
88,0.1,sl2,1,5
87,0.1,wt,1,5
87,0.1,wt2,1,5
87,0.1,l,1,5
87,0.1,l2,1,5
87,0.1,fg,1,5
87,0.1,fg2,1,5
87,0.1,eb,0.72,26
87,0.1,eb2,0.72,26
87,0.1,im,1,5
87,0.1,im2,1,5
87,0.1,lp,1,5
87,0.1,lp2,1,5
87,0.1,sl,1,5
87,0.1,sl2,1,5
86,0.1,wt,1,5
86,0.1,wt2,1,5
86,0.1,l,1,5
86,0.1,l2,1,5
86,0.1,fg,1,5
86,0.1,fg2,1,5
86,0.1,eb,0.54,21
86,0.1,eb2,0.6,24
86,0.1,im,1,5
86,0.1,im2,1,5
86,0.1,lp,1,5
86,0.1,lp2,1,5
86,0.1,sl,1,5
86,0.1,sl2,1,5
85,0.1,wt,1,5
85,0.1,wt2,1,5
85,0.1,l,1,5
85,0.1,l2,1,5
85,0.1,fg,1,5
85,0.1,fg2,1,5
85,0.1,eb,0.88,37
85,0.1,eb2,0.88,37
85,0.1,im,1,5
85,0.1,im2,1,5
85,0.1,lp,1,5
85,0.1,lp2,1,5
85,0.1,sl,1,5
85,0.1,sl2,1,6
84,0.1,wt,1,5
84,0.1,wt2,1,5
84,0.1,l,1,5
84,0.1,l2,1,5
84,0.1,fg,1,5
84,0.1,fg2,1,5
84,0.1,eb,0.44,12
84,0.1,eb2,0.68,29
84,0.1,im,1,5
84,0.1,im2,1,5
84,0.1,lp,1,5
84,0.1,lp2,1,5
84,0.1,sl,1,6
84,0.1,sl2,1,5
83,0.1,wt,1,5
83,0.1,wt2,1,5
83,0.1,l,1,5
83,0.1,l2,1,5
83,0.1,fg,1,5
83,0.1,fg2,1,5
83,0.1,eb,0.56,21
83,0.1,eb2,0.64,25
83,0.1,im,1,5
83,0.1,im2,1,5
83,0.1,lp,1,5
83,0.1,lp2,1,5
83,0.1,sl,1,6
83,0.1,sl2,1,7
82,0.1,wt,1,5
82,0.1,wt2,1,5
82,0.1,l,1,5
82,0.1,l2,1,5
82,0.1,fg,1,5
82,0.1,fg2,1,5
82,0.1,eb,0.54,21
82,0.1,eb2,0.54,21
82,0.1,im,1,5
82,0.1,im2,1,5
82,0.1,lp,1,5
82,0.1,lp2,1,5
82,0.1,sl,1,5
82,0.1,sl2,1,5
81,0.1,wt,1,5
81,0.1,wt2,1,5
81,0.1,l,1,5
81,0.1,l2,1,5
81,0.1,fg,1,5
81,0.1,fg2,1,5
81,0.1,eb,0.7,30
81,0.1,eb2,0.8,35
81,0.1,im,1,5
81,0.1,im2,1,5
81,0.1,lp,1,5
81,0.1,lp2,1,5
81,0.1,sl,1,5
81,0.1,sl2,1,5
80,0.1,wt,1,5
80,0.1,wt2,1,5
80,0.1,l,1,5
80,0.1,l2,1,5
80,0.1,fg,1,5
80,0.1,fg2,1,5
80,0.1,eb,0.44,13
80,0.1,eb2,1,50
80,0.1,im,1,5
80,0.1,im2,1,5
80,0.1,lp,1,5
80,0.1,lp2,1,5
80,0.1,sl,1,5
80,0.1,sl2,1,5
79,0.1,wt,1,5
79,0.1,wt2,1,5
79,0.1,l,1,5
79,0.1,l2,1,5
79,0.1,fg,1,5
79,0.1,fg2,1,5
79,0.1,eb,0.7,28
79,0.1,eb2,0.7,28
79,0.1,im,1,5
79,0.1,im2,1,5
79,0.1,lp,1,5
79,0.1,lp2,1,5
79,0.1,sl,1,6
79,0.1,sl2,1,5
78,0.1,wt,1,5
78,0.1,wt2,1,5
78,0.1,l,1,5
78,0.1,l2,1,5
78,0.1,fg,1,5
78,0.1,fg2,1,5
78,0.1,eb,0.28,3
78,0.1,eb2,0.94,46
78,0.1,im,1,5
78,0.1,im2,1,5
78,0.1,lp,1,5
78,0.1,lp2,1,5
78,0.1,sl,1,5
78,0.1,sl2,1,5
77,0.1,wt,1,5
77,0.1,wt2,1,5
77,0.1,l,1,5
77,0.1,l2,1,5
77,0.1,fg,1,5
77,0.1,fg2,1,5
77,0.1,eb,0.62,24
77,0.1,eb2,0.78,33
77,0.1,im,1,5
77,0.1,im2,1,5
77,0.1,lp,1,5
77,0.1,lp2,1,5
77,0.1,sl,1,5
77,0.1,sl2,1,5
76,0.1,wt,1,5
76,0.1,wt2,1,5
76,0.1,l,1,5
76,0.1,l2,1,5
76,0.1,fg,1,5
76,0.1,fg2,1,5
76,0.1,eb,0.58,20
76,0.1,eb2,0.58,20
76,0.1,im,1,5
76,0.1,im2,1,5
76,0.1,lp,1,5
76,0.1,lp2,1,5
76,0.1,sl,1,5
76,0.1,sl2,1,5
75,0.1,wt,1,5
75,0.1,wt2,1,5
75,0.1,l,1,5
75,0.1,l2,1,5
75,0.1,fg,1,5
75,0.1,fg2,1,5
75,0.1,eb,0.7,20
75,0.1,eb2,0.7,20
75,0.1,im,1,5
75,0.1,im2,1,5
75,0.1,lp,1,5
75,0.1,lp2,1,5
75,0.1,sl,1,5
75,0.1,sl2,1,6
74,0.1,wt,1,5
74,0.1,wt2,1,5
74,0.1,l,1,5
74,0.1,l2,1,5
74,0.1,fg,1,5
74,0.1,fg2,1,5
74,0.1,eb,0.5,18
74,0.1,eb2,0.66,26
74,0.1,im,1,5
74,0.1,im2,1,5
74,0.1,lp,1,5
74,0.1,lp2,1,5
74,0.1,sl,1,5
74,0.1,sl2,1,5
73,0.1,wt,1,5
73,0.1,wt2,1,5
73,0.1,l,1,5
73,0.1,l2,1,5
73,0.1,fg,1,5
73,0.1,fg2,1,5
73,0.1,eb,0.66,27
73,0.1,eb2,0.66,27
73,0.1,im,1,5
73,0.1,im2,1,5
73,0.1,lp,1,5
73,0.1,lp2,1,5
73,0.1,sl,1,6
73,0.1,sl2,1,5
72,0.1,wt,1,5
72,0.1,wt2,1,5
72,0.1,l,1,5
72,0.1,l2,1,5
72,0.1,fg,1,5
72,0.1,fg2,1,5
72,0.1,eb,0.7,29
72,0.1,eb2,0.7,29
72,0.1,im,1,5
72,0.1,im2,1,5
72,0.1,lp,1,5
72,0.1,lp2,1,5
72,0.1,sl,1,6
72,0.1,sl2,1,6
71,0.1,wt,1,5
71,0.1,wt2,1,5
71,0.1,l,1,5
71,0.1,l2,1,5
71,0.1,fg,1,5
71,0.1,fg2,1,5
71,0.1,eb,0.64,27
71,0.1,eb2,0.98,44
71,0.1,im,1,5
71,0.1,im2,1,5
71,0.1,lp,1,5
71,0.1,lp2,1,5
71,0.1,sl,1,5
71,0.1,sl2,1,5
70,0.1,wt,1,5
70,0.1,wt2,1,5
70,0.1,l,1,5
70,0.1,l2,1,5
70,0.1,fg,1,5
70,0.1,fg2,1,5
70,0.1,eb,0.62,23
70,0.1,eb2,0.74,30
70,0.1,im,1,5
70,0.1,im2,1,5
70,0.1,lp,1,5
70,0.1,lp2,1,5
70,0.1,sl,1,5
70,0.1,sl2,1,6
69,0.1,wt,1,5
69,0.1,wt2,1,5
69,0.1,l,1,5
69,0.1,l2,1,5
69,0.1,fg,1,5
69,0.1,fg2,1,5
69,0.1,eb,0.66,23
69,0.1,eb2,0.66,23
69,0.1,im,1,5
69,0.1,im2,1,5
69,0.1,lp,1,5
69,0.1,lp2,1,5
69,0.1,sl,1,5
69,0.1,sl2,1,5
68,0.1,wt,1,5
68,0.1,wt2,1,5
68,0.1,l,1,5
68,0.1,l2,1,5
68,0.1,fg,1,5
68,0.1,fg2,1,5
68,0.1,eb,0.74,32
68,0.1,eb2,0.74,32
68,0.1,im,1,5
68,0.1,im2,1,5
68,0.1,lp,1,5
68,0.1,lp2,1,5
68,0.1,sl,1,5
68,0.1,sl2,1,5
67,0.1,wt,1,5
67,0.1,wt2,1,5
67,0.1,l,1,5
67,0.1,l2,1,5
67,0.1,fg,1,5
67,0.1,fg2,1,5
67,0.1,eb,0.66,22
67,0.1,eb2,0.66,22
67,0.1,im,1,5
67,0.1,im2,1,5
67,0.1,lp,1,5
67,0.1,lp2,1,5
67,0.1,sl,1,5
67,0.1,sl2,1,5
66,0.1,wt,1,5
66,0.1,wt2,1,5
66,0.1,l,1,5
66,0.1,l2,1,5
66,0.1,fg,1,5
66,0.1,fg2,1,5
66,0.1,eb,0.66,29
66,0.1,eb2,0.66,29
66,0.1,im,1,5
66,0.1,im2,1,5
66,0.1,lp,1,5
66,0.1,lp2,1,5
66,0.1,sl,1,5
66,0.1,sl2,1,5
65,0.1,wt,1,5
65,0.1,wt2,1,5
65,0.1,l,1,5
65,0.1,l2,1,5
65,0.1,fg,1,5
65,0.1,fg2,1,5
65,0.1,eb,0.54,19
65,0.1,eb2,0.54,19
65,0.1,im,1,5
65,0.1,im2,1,5
65,0.1,lp,1,5
65,0.1,lp2,1,5
65,0.1,sl,1,5
65,0.1,sl2,1,5
64,0.1,wt,1,5
64,0.1,wt2,1,5
64,0.1,l,1,5
64,0.1,l2,1,5
64,0.1,fg,1,5
64,0.1,fg2,1,5
64,0.1,eb,0.52,19
64,0.1,eb2,0.74,33
64,0.1,im,1,5
64,0.1,im2,1,5
64,0.1,lp,1,5
64,0.1,lp2,1,5
64,0.1,sl,1,5
64,0.1,sl2,1,5
63,0.1,wt,1,5
63,0.1,wt2,1,5
63,0.1,l,1,5
63,0.1,l2,1,5
63,0.1,fg,1,5
63,0.1,fg2,1,5
63,0.1,eb,0.6,22
63,0.1,eb2,0.7,29
63,0.1,im,1,5
63,0.1,im2,1,5
63,0.1,lp,1,5
63,0.1,lp2,1,5
63,0.1,sl,1,5
63,0.1,sl2,1,7
62,0.1,wt,1,5
62,0.1,wt2,1,5
62,0.1,l,1,5
62,0.1,l2,1,5
62,0.1,fg,1,5
62,0.1,fg2,1,5
62,0.1,eb,0.44,14
62,0.1,eb2,0.62,26
62,0.1,im,1,5
62,0.1,im2,1,5
62,0.1,lp,1,5
62,0.1,lp2,1,5
62,0.1,sl,1,5
62,0.1,sl2,1,5
61,0.1,wt,1,5
61,0.1,wt2,1,5
61,0.1,l,1,5
61,0.1,l2,1,5
61,0.1,fg,1,5
61,0.1,fg2,1,5
61,0.1,eb,0.66,24
61,0.1,eb2,0.54,18
61,0.1,im,1,5
61,0.1,im2,1,5
61,0.1,lp,1,5
61,0.1,lp2,1,5
61,0.1,sl,1,5
61,0.1,sl2,1,5
60,0.1,wt,1,5
60,0.1,wt2,1,5
60,0.1,l,1,5
60,0.1,l2,1,5
60,0.1,fg,1,5
60,0.1,fg2,1,5
60,0.1,eb,0.62,22
60,0.1,eb2,0.62,22
60,0.1,im,1,5
60,0.1,im2,1,5
60,0.1,lp,1,5
60,0.1,lp2,1,5
60,0.1,sl,1,6
60,0.1,sl2,1,5
59,0.1,wt,1,5
59,0.1,wt2,1,5
59,0.1,l,1,5
59,0.1,l2,1,5
59,0.1,fg,1,5
59,0.1,fg2,1,5
59,0.1,eb,0.62,25
59,0.1,eb2,0.64,26
59,0.1,im,1,5
59,0.1,im2,1,5
59,0.1,lp,1,5
59,0.1,lp2,1,5
59,0.1,sl,1,5
59,0.1,sl2,1,5
58,0.1,wt,1,5
58,0.1,wt2,1,5
58,0.1,l,1,5
58,0.1,l2,1,5
58,0.1,fg,1,5
58,0.1,fg2,1,5
58,0.1,eb,0.64,24
58,0.1,eb2,0.64,24
58,0.1,im,1,5
58,0.1,im2,1,5
58,0.1,lp,1,5
58,0.1,lp2,1,5
58,0.1,sl,1,6
58,0.1,sl2,1,5
57,0.1,wt,1,5
57,0.1,wt2,1,5
57,0.1,l,1,5
57,0.1,l2,1,5
57,0.1,fg,1,5
57,0.1,fg2,1,5
57,0.1,eb,0.48,16
57,0.1,eb2,0.68,28
57,0.1,im,1,5
57,0.1,im2,1,5
57,0.1,lp,1,5
57,0.1,lp2,1,5
57,0.1,sl,1,6
57,0.1,sl2,1,5
56,0.1,wt,1,5
56,0.1,wt2,1,5
56,0.1,l,1,5
56,0.1,l2,1,5
56,0.1,fg,1,5
56,0.1,fg2,1,5
56,0.1,eb,0.52,17
56,0.1,eb2,0.76,32
56,0.1,im,1,5
56,0.1,im2,1,5
56,0.1,lp,1,5
56,0.1,lp2,1,5
56,0.1,sl,1,5
56,0.1,sl2,1,5
55,0.1,wt,1,5
55,0.1,wt2,1,5
55,0.1,l,1,5
55,0.1,l2,1,5
55,0.1,fg,1,5
55,0.1,fg2,1,5
55,0.1,eb,0.66,22
55,0.1,eb2,0.66,22
55,0.1,im,1,5
55,0.1,im2,1,5
55,0.1,lp,1,5
55,0.1,lp2,1,5
55,0.1,sl,1,5
55,0.1,sl2,1,5
54,0.1,wt,1,5
54,0.1,wt2,1,5
54,0.1,l,1,5
54,0.1,l2,1,5
54,0.1,fg,1,5
54,0.1,fg2,1,5
54,0.1,eb,0.56,16
54,0.1,eb2,0.56,16
54,0.1,im,1,5
54,0.1,im2,1,5
54,0.1,lp,1,5
54,0.1,lp2,1,5
54,0.1,sl,1,5
54,0.1,sl2,1,5
53,0.1,wt,1,5
53,0.1,wt2,1,5
53,0.1,l,1,5
53,0.1,l2,1,5
53,0.1,fg,1,5
53,0.1,fg2,1,5
53,0.1,eb,0.42,13
53,0.1,eb2,1,50
53,0.1,im,1,5
53,0.1,im2,1,5
53,0.1,lp,1,5
53,0.1,lp2,1,5
53,0.1,sl,1,5
53,0.1,sl2,1,5
52,0.1,wt,1,5
52,0.1,wt2,1,5
52,0.1,l,1,5
52,0.1,l2,1,5
52,0.1,fg,1,5
52,0.1,fg2,1,5
52,0.1,eb,0.28,1
52,0.1,eb2,0.66,27
52,0.1,im,1,5
52,0.1,im2,1,5
52,0.1,lp,1,5
52,0.1,lp2,1,5
52,0.1,sl,1,5
52,0.1,sl2,1,5
51,0.1,wt,1,5
51,0.1,wt2,1,5
51,0.1,l,1,5
51,0.1,l2,1,5
51,0.1,fg,1,5
51,0.1,fg2,1,5
51,0.1,eb,0.66,28
51,0.1,eb2,0.66,28
51,0.1,im,1,5
51,0.1,im2,1,5
51,0.1,lp,1,5
51,0.1,lp2,1,5
51,0.1,sl,1,6
51,0.1,sl2,1,5
50,0.1,wt,1,5
50,0.1,wt2,1,5
50,0.1,l,1,5
50,0.1,l2,1,5
50,0.1,fg,1,5
50,0.1,fg2,1,5
50,0.1,eb,0.78,32
50,0.1,eb2,0.78,32
50,0.1,im,1,5
50,0.1,im2,1,5
50,0.1,lp,1,5
50,0.1,lp2,1,5
50,0.1,sl,1,5
50,0.1,sl2,1,5
49,0.1,wt,1,5
49,0.1,wt2,1,5
49,0.1,l,1,5
49,0.1,l2,1,5
49,0.1,fg,1,5
49,0.1,fg2,1,5
49,0.1,eb,0.66,23
49,0.1,eb2,0.66,23
49,0.1,im,1,5
49,0.1,im2,1,5
49,0.1,lp,1,5
49,0.1,lp2,1,5
49,0.1,sl,1,5
49,0.1,sl2,1,5
48,0.1,wt,1,5
48,0.1,wt2,1,5
48,0.1,l,1,5
48,0.1,l2,1,5
48,0.1,fg,1,5
48,0.1,fg2,1,5
48,0.1,eb,0.6,17
48,0.1,eb2,0.64,19
48,0.1,im,1,5
48,0.1,im2,1,5
48,0.1,lp,1,5
48,0.1,lp2,1,5
48,0.1,sl,1,5
48,0.1,sl2,1,6
47,0.1,wt,1,5
47,0.1,wt2,1,5
47,0.1,l,1,5
47,0.1,l2,1,5
47,0.1,fg,1,5
47,0.1,fg2,1,5
47,0.1,eb,0.52,18
47,0.1,eb2,0.82,33
47,0.1,im,1,5
47,0.1,im2,1,5
47,0.1,lp,1,5
47,0.1,lp2,1,5
47,0.1,sl,1,5
47,0.1,sl2,1,5
46,0.1,wt,1,5
46,0.1,wt2,1,5
46,0.1,l,1,5
46,0.1,l2,1,5
46,0.1,fg,1,5
46,0.1,fg2,1,5
46,0.1,eb,0.74,28
46,0.1,eb2,0.72,27
46,0.1,im,1,5
46,0.1,im2,1,5
46,0.1,lp,1,5
46,0.1,lp2,1,5
46,0.1,sl,1,5
46,0.1,sl2,1,5
45,0.1,wt,1,5
45,0.1,wt2,1,5
45,0.1,l,1,5
45,0.1,l2,1,5
45,0.1,fg,1,5
45,0.1,fg2,1,5
45,0.1,eb,0.82,30
45,0.1,eb2,0.82,30
45,0.1,im,1,5
45,0.1,im2,1,5
45,0.1,lp,1,5
45,0.1,lp2,1,5
45,0.1,sl,1,5
45,0.1,sl2,1,5
44,0.1,wt,1,5
44,0.1,wt2,1,5
44,0.1,l,1,5
44,0.1,l2,1,5
44,0.1,fg,1,5
44,0.1,fg2,1,5
44,0.1,eb,0.7,26
44,0.1,eb2,0.7,26
44,0.1,im,1,5
44,0.1,im2,1,5
44,0.1,lp,1,5
44,0.1,lp2,1,5
44,0.1,sl,1,5
44,0.1,sl2,1,5
43,0.1,wt,1,5
43,0.1,wt2,1,5
43,0.1,l,1,5
43,0.1,l2,1,5
43,0.1,fg,1,5
43,0.1,fg2,1,5
43,0.1,eb,0.56,21
43,0.1,eb2,0.7,26
43,0.1,im,1,5
43,0.1,im2,1,5
43,0.1,lp,1,5
43,0.1,lp2,1,5
43,0.1,sl,1,5
43,0.1,sl2,1,5
42,0.1,wt,1,5
42,0.1,wt2,1,5
42,0.1,l,1,5
42,0.1,l2,1,5
42,0.1,fg,1,5
42,0.1,fg2,1,5
42,0.1,eb,0.66,26
42,0.1,eb2,0.66,26
42,0.1,im,1,5
42,0.1,im2,1,5
42,0.1,lp,1,5
42,0.1,lp2,1,5
42,0.1,sl,1,5
42,0.1,sl2,1,5
41,0.1,wt,1,5
41,0.1,wt2,1,5
41,0.1,l,1,5
41,0.1,l2,1,5
41,0.1,fg,1,5
41,0.1,fg2,1,5
41,0.1,eb,0.72,16
41,0.1,eb2,0.72,16
41,0.1,im,1,5
41,0.1,im2,1,5
41,0.1,lp,1,5
41,0.1,lp2,1,5
41,0.1,sl,1,5
41,0.1,sl2,1,5
40,0.1,wt,1,5
40,0.1,wt2,1,5
40,0.1,l,1,5
40,0.1,l2,1,5
40,0.1,fg,1,5
40,0.1,fg2,1,5
40,0.1,eb,0.7,23
40,0.1,eb2,0.7,23
40,0.1,im,1,5
40,0.1,im2,1,5
40,0.1,lp,1,5
40,0.1,lp2,1,5
40,0.1,sl,1,5
40,0.1,sl2,1,5
39,0.1,wt,1,5
39,0.1,wt2,1,5
39,0.1,l,1,5
39,0.1,l2,1,5
39,0.1,fg,1,5
39,0.1,fg2,1,5
39,0.1,eb,0.74,27
39,0.1,eb2,0.74,27
39,0.1,im,1,5
39,0.1,im2,1,5
39,0.1,lp,1,5
39,0.1,lp2,1,5
39,0.1,sl,1,5
39,0.1,sl2,1,5
38,0.1,wt,1,5
38,0.1,wt2,1,5
38,0.1,l,1,5
38,0.1,l2,1,5
38,0.1,fg,1,5
38,0.1,fg2,1,5
38,0.1,eb,0.58,21
38,0.1,eb2,0.72,27
38,0.1,im,1,5
38,0.1,im2,1,5
38,0.1,lp,1,5
38,0.1,lp2,1,5
38,0.1,sl,1,5
38,0.1,sl2,1,5
37,0.1,wt,1,5
37,0.1,wt2,1,5
37,0.1,l,1,5
37,0.1,l2,1,5
37,0.1,fg,1,5
37,0.1,fg2,1,5
37,0.1,eb,0.74,31
37,0.1,eb2,0.74,31
37,0.1,im,1,5
37,0.1,im2,1,5
37,0.1,lp,1,5
37,0.1,lp2,1,5
37,0.1,sl,1,5
37,0.1,sl2,1,5
36,0.1,wt,1,5
36,0.1,wt2,1,5
36,0.1,l,1,5
36,0.1,l2,1,5
36,0.1,fg,1,5
36,0.1,fg2,1,5
36,0.1,eb,0.42,12
36,0.1,eb2,1,50
36,0.1,im,1,5
36,0.1,im2,1,5
36,0.1,lp,1,5
36,0.1,lp2,1,5
36,0.1,sl,1,5
36,0.1,sl2,1,5
35,0.1,wt,1,5
35,0.1,wt2,1,5
35,0.1,l,1,5
35,0.1,l2,1,5
35,0.1,fg,1,5
35,0.1,fg2,1,5
35,0.1,eb,0.72,32
35,0.1,eb2,0.72,32
35,0.1,im,1,5
35,0.1,im2,1,5
35,0.1,lp,1,5
35,0.1,lp2,1,5
35,0.1,sl,1,5
35,0.1,sl2,1,5
34,0.1,wt,1,5
34,0.1,wt2,1,5
34,0.1,l,1,5
34,0.1,l2,1,5
34,0.1,fg,1,5
34,0.1,fg2,1,5
34,0.1,eb,0.62,23
34,0.1,eb2,0.62,23
34,0.1,im,1,5
34,0.1,im2,1,5
34,0.1,lp,1,5
34,0.1,lp2,1,5
34,0.1,sl,1,5
34,0.1,sl2,1,5
33,0.1,wt,1,5
33,0.1,wt2,1,5
33,0.1,l,1,5
33,0.1,l2,1,5
33,0.1,fg,1,5
33,0.1,fg2,1,5
33,0.1,eb,0.7,24
33,0.1,eb2,0.7,24
33,0.1,im,1,5
33,0.1,im2,1,5
33,0.1,lp,1,5
33,0.1,lp2,1,5
33,0.1,sl,1,6
33,0.1,sl2,1,5
32,0.1,wt,1,5
32,0.1,wt2,1,5
32,0.1,l,1,5
32,0.1,l2,1,5
32,0.1,fg,1,5
32,0.1,fg2,1,5
32,0.1,eb,0.44,15
32,0.1,eb2,0.74,33
32,0.1,im,1,5
32,0.1,im2,1,5
32,0.1,lp,1,5
32,0.1,lp2,1,5
32,0.1,sl,1,5
32,0.1,sl2,1,5
31,0.1,wt,1,5
31,0.1,wt2,1,5
31,0.1,l,1,5
31,0.1,l2,1,5
31,0.1,fg,1,5
31,0.1,fg2,1,5
31,0.1,eb,0.68,28
31,0.1,eb2,0.68,28
31,0.1,im,1,5
31,0.1,im2,1,5
31,0.1,lp,1,5
31,0.1,lp2,1,5
31,0.1,sl,1,5
31,0.1,sl2,1,6
30,0.1,wt,1,5
30,0.1,wt2,1,5
30,0.1,l,1,5
30,0.1,l2,1,5
30,0.1,fg,1,5
30,0.1,fg2,1,5
30,0.1,eb,0.52,19
30,0.1,eb2,0.58,22
30,0.1,im,1,5
30,0.1,im2,1,5
30,0.1,lp,1,5
30,0.1,lp2,1,5
30,0.1,sl,1,6
30,0.1,sl2,1,5
29,0.1,wt,1,5
29,0.1,wt2,1,5
29,0.1,l,1,5
29,0.1,l2,1,5
29,0.1,fg,1,5
29,0.1,fg2,1,5
29,0.1,eb,0.5,18
29,0.1,eb2,0.62,21
29,0.1,im,1,5
29,0.1,im2,1,5
29,0.1,lp,1,5
29,0.1,lp2,1,5
29,0.1,sl,0.98,5
29,0.1,sl2,1,5
28,0.1,wt,1,5
28,0.1,wt2,1,5
28,0.1,l,1,5
28,0.1,l2,1,5
28,0.1,fg,1,5
28,0.1,fg2,1,5
28,0.1,eb,0.44,11
28,0.1,eb2,0.44,11
28,0.1,im,1,5
28,0.1,im2,1,5
28,0.1,lp,1,5
28,0.1,lp2,1,5
28,0.1,sl,1,5
28,0.1,sl2,1,5
27,0.1,wt,1,5
27,0.1,wt2,1,5
27,0.1,l,1,5
27,0.1,l2,1,5
27,0.1,fg,1,5
27,0.1,fg2,1,5
27,0.1,eb,0.68,24
27,0.1,eb2,0.68,24
27,0.1,im,1,5
27,0.1,im2,1,5
27,0.1,lp,1,5
27,0.1,lp2,1,5
27,0.1,sl,1,5
27,0.1,sl2,1,5
26,0.1,wt,1,5
26,0.1,wt2,1,5
26,0.1,l,1,5
26,0.1,l2,1,5
26,0.1,fg,1,5
26,0.1,fg2,1,5
26,0.1,eb,0.38,11
26,0.1,eb2,1,50
26,0.1,im,1,5
26,0.1,im2,1,5
26,0.1,lp,1,5
26,0.1,lp2,1,5
26,0.1,sl,1,5
26,0.1,sl2,1,5
25,0.1,wt,1,5
25,0.1,wt2,1,5
25,0.1,l,1,5
25,0.1,l2,1,5
25,0.1,fg,1,5
25,0.1,fg2,1,5
25,0.1,eb,0.58,19
25,0.1,eb2,0.58,19
25,0.1,im,1,5
25,0.1,im2,1,5
25,0.1,lp,1,5
25,0.1,lp2,1,5
25,0.1,sl,1,5
25,0.1,sl2,1,5
24,0.1,wt,1,5
24,0.1,wt2,1,5
24,0.1,l,1,5
24,0.1,l2,1,5
24,0.1,fg,1,5
24,0.1,fg2,1,5
24,0.1,eb,0.68,27
24,0.1,eb2,0.68,27
24,0.1,im,1,5
24,0.1,im2,1,5
24,0.1,lp,1,5
24,0.1,lp2,1,5
24,0.1,sl,0.98,5
24,0.1,sl2,1,5
23,0.1,wt,1,5
23,0.1,wt2,1,5
23,0.1,l,1,5
23,0.1,l2,1,5
23,0.1,fg,1,5
23,0.1,fg2,1,5
23,0.1,eb,0.56,19
23,0.1,eb2,0.56,19
23,0.1,im,1,5
23,0.1,im2,1,5
23,0.1,lp,1,5
23,0.1,lp2,1,5
23,0.1,sl,1,5
23,0.1,sl2,1,5
22,0.1,wt,1,5
22,0.1,wt2,1,5
22,0.1,l,1,5
22,0.1,l2,1,5
22,0.1,fg,1,5
22,0.1,fg2,1,5
22,0.1,eb,0.7,20
22,0.1,eb2,0.7,20
22,0.1,im,1,5
22,0.1,im2,1,5
22,0.1,lp,1,5
22,0.1,lp2,1,5
22,0.1,sl,1,5
22,0.1,sl2,1,6
21,0.1,wt,1,5
21,0.1,wt2,1,5
21,0.1,l,1,5
21,0.1,l2,1,5
21,0.1,fg,1,5
21,0.1,fg2,1,5
21,0.1,eb,0.56,22
21,0.1,eb2,0.56,22
21,0.1,im,1,5
21,0.1,im2,1,5
21,0.1,lp,1,5
21,0.1,lp2,1,5
21,0.1,sl,1,6
21,0.1,sl2,1,5
20,0.1,wt,1,5
20,0.1,wt2,1,5
20,0.1,l,1,5
20,0.1,l2,1,5
20,0.1,fg,1,5
20,0.1,fg2,1,5
20,0.1,eb,0.52,16
20,0.1,eb2,0.64,27
20,0.1,im,1,5
20,0.1,im2,1,5
20,0.1,lp,1,5
20,0.1,lp2,1,5
20,0.1,sl,1,5
20,0.1,sl2,1,5
19,0.1,wt,1,5
19,0.1,wt2,1,5
19,0.1,l,1,5
19,0.1,l2,1,5
19,0.1,fg,1,5
19,0.1,fg2,1,5
19,0.1,eb,0.66,26
19,0.1,eb2,0.66,26
19,0.1,im,1,5
19,0.1,im2,1,5
19,0.1,lp,1,5
19,0.1,lp2,1,5
19,0.1,sl,1,6
19,0.1,sl2,1,5
18,0.1,wt,1,5
18,0.1,wt2,1,5
18,0.1,l,1,5
18,0.1,l2,1,5
18,0.1,fg,1,5
18,0.1,fg2,1,5
18,0.1,eb,0.68,21
18,0.1,eb2,0.68,21
18,0.1,im,1,5
18,0.1,im2,1,5
18,0.1,lp,1,5
18,0.1,lp2,1,5
18,0.1,sl,1,5
18,0.1,sl2,1,5
17,0.1,wt,1,5
17,0.1,wt2,1,5
17,0.1,l,1,5
17,0.1,l2,1,5
17,0.1,fg,1,5
17,0.1,fg2,1,5
17,0.1,eb,0.92,33
17,0.1,eb2,0.92,33
17,0.1,im,1,5
17,0.1,im2,1,5
17,0.1,lp,1,5
17,0.1,lp2,1,5
17,0.1,sl,1,5
17,0.1,sl2,1,6
16,0.1,wt,1,5
16,0.1,wt2,1,5
16,0.1,l,1,5
16,0.1,l2,1,5
16,0.1,fg,1,5
16,0.1,fg2,1,5
16,0.1,eb,0.64,25
16,0.1,eb2,0.74,32
16,0.1,im,1,5
16,0.1,im2,1,5
16,0.1,lp,1,5
16,0.1,lp2,1,5
16,0.1,sl,1,6
16,0.1,sl2,1,5
15,0.1,wt,1,5
15,0.1,wt2,1,5
15,0.1,l,1,5
15,0.1,l2,1,5
15,0.1,fg,1,5
15,0.1,fg2,1,5
15,0.1,eb,0.56,20
15,0.1,eb2,0.74,29
15,0.1,im,1,5
15,0.1,im2,1,5
15,0.1,lp,1,5
15,0.1,lp2,1,5
15,0.1,sl,1,5
15,0.1,sl2,1,5
14,0.1,wt,1,5
14,0.1,wt2,1,5
14,0.1,l,1,5
14,0.1,l2,1,5
14,0.1,fg,1,5
14,0.1,fg2,1,5
14,0.1,eb,0.38,7
14,0.1,eb2,0.68,31
14,0.1,im,1,5
14,0.1,im2,1,5
14,0.1,lp,1,5
14,0.1,lp2,1,5
14,0.1,sl,1,6
14,0.1,sl2,1,5
13,0.1,wt,1,5
13,0.1,wt2,1,5
13,0.1,l,1,5
13,0.1,l2,1,5
13,0.1,fg,1,5
13,0.1,fg2,1,5
13,0.1,eb,0.78,23
13,0.1,eb2,0.78,23
13,0.1,im,1,5
13,0.1,im2,1,5
13,0.1,lp,1,5
13,0.1,lp2,1,5
13,0.1,sl,1,5
13,0.1,sl2,1,6
12,0.1,wt,1,5
12,0.1,wt2,1,5
12,0.1,l,1,5
12,0.1,l2,1,5
12,0.1,fg,1,5
12,0.1,fg2,1,5
12,0.1,eb,0.64,25
12,0.1,eb2,0.64,25
12,0.1,im,1,5
12,0.1,im2,1,5
12,0.1,lp,1,5
12,0.1,lp2,1,5
12,0.1,sl,1,5
12,0.1,sl2,1,5
11,0.1,wt,1,5
11,0.1,wt2,1,5
11,0.1,l,1,5
11,0.1,l2,1,5
11,0.1,fg,1,5
11,0.1,fg2,1,5
11,0.1,eb,0.56,20
11,0.1,eb2,0.62,23
11,0.1,im,1,5
11,0.1,im2,1,5
11,0.1,lp,1,5
11,0.1,lp2,1,5
11,0.1,sl,1,5
11,0.1,sl2,1,5
10,0.1,wt,1,5
10,0.1,wt2,1,5
10,0.1,l,1,5
10,0.1,l2,1,5
10,0.1,fg,1,5
10,0.1,fg2,1,5
10,0.1,eb,0.46,13
10,0.1,eb2,0.64,22
10,0.1,im,1,5
10,0.1,im2,1,5
10,0.1,lp,1,5
10,0.1,lp2,1,5
10,0.1,sl,1,5
10,0.1,sl2,1,5
9,0.1,wt,1,5
9,0.1,wt2,1,5
9,0.1,l,1,5
9,0.1,l2,1,5
9,0.1,fg,1,5
9,0.1,fg2,1,5
9,0.1,eb,0.52,18
9,0.1,eb2,0.62,25
9,0.1,im,1,5
9,0.1,im2,1,5
9,0.1,lp,1,5
9,0.1,lp2,1,5
9,0.1,sl,1,5
9,0.1,sl2,1,5
8,0.1,wt,1,5
8,0.1,wt2,1,5
8,0.1,l,1,5
8,0.1,l2,1,5
8,0.1,fg,1,5
8,0.1,fg2,1,5
8,0.1,eb,0.74,27
8,0.1,eb2,0.74,27
8,0.1,im,1,5
8,0.1,im2,1,5
8,0.1,lp,1,5
8,0.1,lp2,1,5
8,0.1,sl,1,5
8,0.1,sl2,1,5
7,0.1,wt,1,5
7,0.1,wt2,1,5
7,0.1,l,1,5
7,0.1,l2,1,5
7,0.1,fg,1,5
7,0.1,fg2,1,5
7,0.1,eb,0.5,17
7,0.1,eb2,0.72,32
7,0.1,im,1,5
7,0.1,im2,1,5
7,0.1,lp,1,5
7,0.1,lp2,1,5
7,0.1,sl,1,5
7,0.1,sl2,1,5
6,0.1,wt,1,5
6,0.1,wt2,1,5
6,0.1,l,1,5
6,0.1,l2,1,5
6,0.1,fg,1,5
6,0.1,fg2,1,5
6,0.1,eb,0.44,13
6,0.1,eb2,1,50
6,0.1,im,1,5
6,0.1,im2,1,5
6,0.1,lp,1,5
6,0.1,lp2,1,5
6,0.1,sl,1,5
6,0.1,sl2,1,6
5,0.1,wt,1,5
5,0.1,wt2,1,5
5,0.1,l,1,5
5,0.1,l2,1,5
5,0.1,fg,1,5
5,0.1,fg2,1,5
5,0.1,eb,0.68,24
5,0.1,eb2,0.68,24
5,0.1,im,1,5
5,0.1,im2,1,5
5,0.1,lp,1,5
5,0.1,lp2,1,5
5,0.1,sl,1,5
5,0.1,sl2,1,8
4,0.1,wt,1,5
4,0.1,wt2,1,5
4,0.1,l,1,5
4,0.1,l2,1,5
4,0.1,fg,1,5
4,0.1,fg2,1,5
4,0.1,eb,0.54,20
4,0.1,eb2,0.54,20
4,0.1,im,1,5
4,0.1,im2,1,5
4,0.1,lp,1,5
4,0.1,lp2,1,5
4,0.1,sl,1,5
4,0.1,sl2,1,5
3,0.1,wt,1,5
3,0.1,wt2,1,5
3,0.1,l,1,5
3,0.1,l2,1,5
3,0.1,fg,1,5
3,0.1,fg2,1,5
3,0.1,eb,0.72,30
3,0.1,eb2,0.74,30
3,0.1,im,1,5
3,0.1,im2,1,5
3,0.1,lp,1,5
3,0.1,lp2,1,5
3,0.1,sl,1,6
3,0.1,sl2,1,5
2,0.1,wt,1,5
2,0.1,wt2,1,5
2,0.1,l,1,5
2,0.1,l2,1,5
2,0.1,fg,1,5
2,0.1,fg2,1,5
2,0.1,eb,0.7,27
2,0.1,eb2,0.56,22
2,0.1,im,1,5
2,0.1,im2,1,5
2,0.1,lp,1,5
2,0.1,lp2,1,5
2,0.1,sl,1,5
2,0.1,sl2,1,5
1,0.1,wt,1,5
1,0.1,wt2,1,5
1,0.1,l,1,5
1,0.1,l2,1,5
1,0.1,fg,1,5
1,0.1,fg2,1,5
1,0.1,eb,0.88,29
1,0.1,eb2,0.88,29
1,0.1,im,1,5
1,0.1,im2,1,5
1,0.1,lp,1,5
1,0.1,lp2,1,5
1,0.1,sl,1,6
1,0.1,sl2,1,5
